Date,New Features,Edits
3/18/2007,1,0
6/3/2007,2,0
6/12/2007,121,0
6/28/2007,160,0
7/1/2007,637,0
7/2/2007,368,0
7/4/2007,687,0
8/22/2007,1,0
8/27/2007,717,0
8/28/2007,941,0
9/2/2007,236,0
10/12/2007,3,2
11/10/2007,36,0
11/28/2007,1,1
11/30/2007,0,1
12/12/2007,7,1
1/16/2008,5,3
1/26/2008,0,1
2/4/2008,233,0
2/7/2008,51,0
2/26/2008,1,0
3/21/2008,144,17
3/22/2008,40,5
3/23/2008,185,109
3/25/2008,2,0
3/27/2008,1,2
3/30/2008,10,0
4/6/2008,5,0
4/18/2008,215,84
5/14/2008,4,1
5/16/2008,0,4
5/23/2008,0,1
5/30/2008,504,0
5/31/2008,4046,26
6/1/2008,671,3
6/2/2008,1053,20
6/3/2008,1850,28
6/4/2008,0,30
6/5/2008,1445,3
6/6/2008,716,5
6/7/2008,16,3
6/8/2008,5,2
6/9/2008,0,10
6/10/2008,51,20
6/11/2008,0,4
6/22/2008,58,1
6/27/2008,474,7
7/6/2008,10,3
7/10/2008,0,1
7/12/2008,553,9
7/18/2008,53,0
7/19/2008,146,2
7/22/2008,914,0
7/27/2008,3,1
8/2/2008,117,0
8/11/2008,0,1
8/15/2008,176,24
8/19/2008,307,13
8/21/2008,5,13
8/23/2008,51,0
8/27/2008,0,1
9/4/2008,1577,214
9/5/2008,456,11
9/7/2008,0,41
9/8/2008,1413,184
9/9/2008,3023,16
9/10/2008,0,18
9/12/2008,1691,1
9/13/2008,3136,72
9/14/2008,0,1
9/16/2008,723,11
9/18/2008,0,31
9/24/2008,288,3
9/26/2008,7,0
9/28/2008,1,0
10/8/2008,28,90
10/13/2008,689,246
10/22/2008,4392,5650
11/5/2008,0,2
11/8/2008,1430,0
11/9/2008,2576,6
11/19/2008,29,162
11/20/2008,8,131
11/21/2008,5,18
11/22/2008,6,154
11/23/2008,13,80
11/24/2008,19,185
11/25/2008,5,1
11/26/2008,36,36
11/28/2008,3,0
12/5/2008,0,1430
12/6/2008,2325,15
12/9/2008,462,36
12/13/2008,0,1034
12/14/2008,0,101
12/31/2008,0,101
1/6/2009,885,2551
1/11/2009,2,704
1/20/2009,0,432
1/22/2009,217,175
1/25/2009,1962,5922
1/26/2009,315,961
1/30/2009,223,430
2/1/2009,0,38
2/2/2009,0,2
2/4/2009,133,1
2/6/2009,134,3
2/7/2009,32,4
2/9/2009,308,3761
2/10/2009,4,1
2/17/2009,3,388
2/22/2009,0,2
2/23/2009,39,525
2/24/2009,0,19
2/25/2009,0,1
2/26/2009,86,23
2/28/2009,117,32
3/1/2009,102,535
3/2/2009,107,210
3/3/2009,0,89
3/6/2009,0,220
3/9/2009,0,15
3/10/2009,68,220
3/12/2009,0,1
3/13/2009,0,42
3/14/2009,261,913
3/15/2009,4666,3573
3/16/2009,290,620
3/18/2009,10,76
3/27/2009,0,1
4/7/2009,18,542
4/8/2009,151,0
4/12/2009,0,1
4/13/2009,0,4
5/2/2009,51,13
5/6/2009,40,2
5/25/2009,21,4
6/4/2009,8,2
6/7/2009,0,3
6/12/2009,2,0
6/18/2009,36,3
6/19/2009,677,80
6/23/2009,444,203
6/24/2009,546,2
7/2/2009,8,26
7/6/2009,45,48
7/15/2009,145,27
7/22/2009,0,2
7/31/2009,0,1
8/4/2009,0,2
8/5/2009,0,10
8/6/2009,2677,69
8/7/2009,19,35
8/13/2009,0,6
8/14/2009,0,3
8/15/2009,0,1
8/16/2009,0,3
8/18/2009,0,2
8/21/2009,0,2
8/26/2009,0,1
8/27/2009,0,1
8/29/2009,0,1
8/30/2009,774,50
9/1/2009,608,2
9/5/2009,1453,18
9/8/2009,0,1
9/9/2009,91,10
9/10/2009,0,2
9/11/2009,0,2
9/24/2009,0,1
9/29/2009,0,1
9/30/2009,0,1
10/4/2009,4,0
10/8/2009,0,1
10/14/2009,230,1
10/27/2009,0,3
10/29/2009,0,3
11/3/2009,683,0
11/5/2009,301,7
11/6/2009,149,3
11/10/2009,44,5
11/13/2009,276,0
11/14/2009,434,63
11/15/2009,140,4
11/16/2009,0,1
11/18/2009,1,191
11/19/2009,1616,14
11/20/2009,5,7
11/21/2009,223,44
11/22/2009,395,17
11/24/2009,1,2
11/25/2009,14,4
11/27/2009,0,1
11/29/2009,2284,50
11/30/2009,4384,32
12/1/2009,246,2
12/2/2009,695,5
12/4/2009,417,1
12/5/2009,344,0
12/6/2009,245,0
12/7/2009,0,3
12/9/2009,115,0
12/10/2009,165,0
12/11/2009,75,0
12/12/2009,234,0
12/13/2009,0,1
12/14/2009,187,0
12/17/2009,126,0
12/22/2009,12,0
12/23/2009,258,0
12/28/2009,0,1
12/29/2009,685,1
12/30/2009,2416,6
1/1/2010,201,7
1/2/2010,1390,2
1/3/2010,262,1
1/4/2010,395,1
1/5/2010,871,0
1/6/2010,891,3
1/8/2010,0,21
1/19/2010,128,1
1/23/2010,656,1
1/27/2010,0,11
1/31/2010,0,2
2/5/2010,0,1
2/7/2010,1172,1
2/19/2010,0,1
2/21/2010,0,69
3/6/2010,97,0
3/7/2010,2,3
3/9/2010,0,1
3/16/2010,0,1
3/18/2010,275,4
3/19/2010,732,426
3/20/2010,284,22
3/21/2010,1112,203
3/22/2010,592,12
3/23/2010,627,278
3/24/2010,121,89
3/25/2010,0,1
3/27/2010,5,2
3/29/2010,58,0
4/5/2010,222,0
4/10/2010,843,1
4/12/2010,268,0
4/15/2010,0,1
4/22/2010,1715,86
4/23/2010,0,2
4/27/2010,47,15
4/30/2010,209,3
5/2/2010,43,0
5/3/2010,27,3
5/4/2010,9,1
5/6/2010,70,127
5/7/2010,97,20
5/8/2010,108,1
5/9/2010,68,8
5/10/2010,207,3
5/15/2010,31,0
5/16/2010,180,13
5/17/2010,47,16
5/21/2010,2,18
5/23/2010,151,4
5/24/2010,2,3
5/25/2010,0,2
5/31/2010,23,1
6/2/2010,24,10
6/4/2010,1265,21
6/5/2010,2170,159
6/6/2010,29,43
6/7/2010,4106,532
6/8/2010,2889,690
6/10/2010,8,6
6/22/2010,60,0
6/24/2010,4,4
6/29/2010,0,1
7/4/2010,1,0
7/8/2010,57,9
7/14/2010,275,1
7/18/2010,0,1
8/4/2010,60,22
8/6/2010,647,6
8/8/2010,269,434
8/9/2010,1,1
8/10/2010,151,7
8/11/2010,932,41
8/13/2010,31,89
8/17/2010,11,0
8/22/2010,3,7
8/23/2010,14,2
8/24/2010,0,1
8/25/2010,0,1
8/27/2010,123,2
8/28/2010,183,3
8/29/2010,0,1
8/30/2010,437,29
9/7/2010,816,0
9/8/2010,627,2
9/9/2010,9,3
9/11/2010,0,1
9/12/2010,1723,1729
9/15/2010,434,58
9/18/2010,966,0
9/20/2010,123,4
9/22/2010,0,2
9/25/2010,0,1
9/26/2010,31,0
9/27/2010,430,0
9/30/2010,71,2
10/4/2010,0,1
10/6/2010,0,3
10/9/2010,1,0
10/10/2010,123,33
10/12/2010,112,85
10/13/2010,4,0
10/14/2010,20,9
10/15/2010,11,0
10/16/2010,41,1
10/17/2010,24,0
10/20/2010,0,1
10/21/2010,1,0
10/24/2010,0,1
10/25/2010,145,1
10/29/2010,0,1
11/1/2010,3556,5
11/2/2010,874,69
11/4/2010,190,76
11/5/2010,783,867
11/6/2010,84,15
11/8/2010,20,60
11/9/2010,39,7
11/10/2010,86,32
11/11/2010,141,36
11/12/2010,24,11
11/13/2010,941,17
11/14/2010,298,37
11/15/2010,6,0
11/16/2010,315,77
11/17/2010,149,76
11/18/2010,18,12
11/19/2010,30,11
11/20/2010,17,4
11/23/2010,104,73
11/24/2010,0,1
11/27/2010,7,2
11/29/2010,10,0
12/7/2010,6177,23
12/8/2010,0,15
12/13/2010,593,33
12/14/2010,118,4
12/15/2010,89,0
12/16/2010,14,12
12/17/2010,1030,113
12/18/2010,3313,48
12/20/2010,51,31
12/23/2010,486,2
12/24/2010,0,6
12/29/2010,38,30
12/30/2010,23,3
12/31/2010,552,25
1/1/2011,512,62
1/2/2011,2162,92
1/5/2011,0,2
1/10/2011,3,14
1/12/2011,7,2
1/22/2011,1,0
1/23/2011,27,0
1/27/2011,401,53
1/28/2011,1281,15
1/30/2011,273,3
2/1/2011,2280,57
2/2/2011,65,20
2/3/2011,64,2
2/5/2011,112,36
2/6/2011,0,4
2/7/2011,0,1
2/9/2011,207,65
2/10/2011,5,2
2/11/2011,160,31
2/28/2011,55,0
3/1/2011,122,8
3/2/2011,0,1
3/3/2011,86,20
3/5/2011,311,17
3/20/2011,9,0
3/21/2011,126,2
3/28/2011,484,0
3/29/2011,0,1
4/3/2011,555,0
4/11/2011,867,228
4/12/2011,2649,638
4/14/2011,58,19
4/17/2011,1049,115
5/1/2011,344,269
5/5/2011,887,1328
5/6/2011,1255,630
5/7/2011,694,427
5/8/2011,155,0
5/9/2011,1314,380
5/10/2011,626,785
5/11/2011,1843,639
5/12/2011,960,177
5/13/2011,13,466
5/14/2011,23,6
5/15/2011,2,3
5/17/2011,38,39
5/19/2011,334,158
5/24/2011,624,231
5/28/2011,258,56
6/9/2011,503,3
6/10/2011,0,2
6/12/2011,329,117
6/13/2011,142,4
6/14/2011,10,2
6/15/2011,5,2
6/16/2011,8,7
6/18/2011,963,582
6/19/2011,51,14
6/20/2011,683,50
6/22/2011,2,111
6/23/2011,34,11
6/25/2011,64,130
6/27/2011,911,150
6/28/2011,287,17
6/29/2011,977,93
6/30/2011,3050,156
7/1/2011,2197,265
7/2/2011,33,44
7/3/2011,130,22
7/4/2011,2955,540
7/5/2011,3618,239
7/6/2011,1751,176
7/7/2011,854,108
7/8/2011,637,92
7/9/2011,831,901
7/11/2011,52,15
7/12/2011,248,0
7/13/2011,60,3
7/15/2011,28,6
7/18/2011,281,1
7/19/2011,170,51
7/20/2011,1,0
7/27/2011,149,16
7/31/2011,130,17
8/2/2011,858,232
8/3/2011,549,2
8/4/2011,93,0
8/5/2011,5903,77
8/6/2011,1909,7
8/7/2011,5032,23
8/8/2011,1735,59
8/9/2011,22,4
8/10/2011,50,1
8/11/2011,2918,70
8/12/2011,2614,15
8/14/2011,1259,2
8/15/2011,2463,236
8/16/2011,37,3
8/17/2011,1094,98
8/18/2011,335,8
8/19/2011,80,44
8/24/2011,2,3
8/25/2011,147,13
8/26/2011,51,13
8/28/2011,352,45
8/30/2011,29,7
8/31/2011,14,12
9/1/2011,6,15
9/11/2011,0,3
9/13/2011,2,3
9/14/2011,1,0
9/15/2011,20,1
9/17/2011,110,0
9/19/2011,10,0
9/20/2011,1123,44222
9/22/2011,19,0
9/25/2011,671,5
9/26/2011,869,48
9/27/2011,5,16
9/30/2011,308,260
10/2/2011,0,1
10/4/2011,1,0
10/7/2011,4,0
10/8/2011,3,0
10/9/2011,326,64
10/10/2011,686,4
10/12/2011,6,7
10/14/2011,1059,35
10/18/2011,347,2
10/19/2011,966,22
10/23/2011,41,2
10/24/2011,0,1
10/26/2011,409,874
10/29/2011,3,3
10/30/2011,952,8
10/31/2011,558,31
11/1/2011,1,1
11/2/2011,380,328
11/3/2011,1493,240
11/4/2011,133,18
11/5/2011,928,249
11/6/2011,1589,236
11/9/2011,886,187
11/10/2011,908,227
11/11/2011,1008,512
11/12/2011,38,14
11/13/2011,540,41
11/14/2011,24,30
11/16/2011,0,1
11/17/2011,39,36
11/19/2011,28,146
11/20/2011,188,199
11/21/2011,22,146
11/22/2011,4210,29
11/23/2011,260,52
11/25/2011,11,1
11/26/2011,2507,239
11/27/2011,895,2
11/28/2011,832,182
11/29/2011,890,207
11/30/2011,257,17
12/1/2011,307,67
12/3/2011,2,1
12/6/2011,2,0
12/9/2011,476,26
12/13/2011,817,4
12/14/2011,0,1
12/15/2011,229,86
12/16/2011,100,3
12/18/2011,60,11
12/20/2011,185,9
12/21/2011,2,0
12/26/2011,100,55
12/27/2011,0,1
12/29/2011,29,7
12/30/2011,1,0
1/5/2012,0,35
1/8/2012,135,1
1/9/2012,2,3
1/11/2012,1,6
1/17/2012,56,82
1/18/2012,242,17
1/19/2012,356,228
1/21/2012,9,1
1/25/2012,21,0
1/26/2012,4,0
1/27/2012,2,3
1/29/2012,53,1
1/30/2012,320,29
2/2/2012,778,20
2/3/2012,6,225
2/4/2012,6,2
2/5/2012,0,23
2/6/2012,0,1
2/7/2012,410,13
2/8/2012,20,5
2/9/2012,0,1
2/11/2012,797,2
2/14/2012,28,18
2/15/2012,6,303
2/16/2012,518,32
2/18/2012,134,0
2/19/2012,8,2
2/21/2012,16,0
2/24/2012,25,191
2/25/2012,44,0
2/27/2012,1,1
2/28/2012,112,24
3/1/2012,72,9
3/2/2012,853,18
3/3/2012,654,200
3/4/2012,3646,46
3/8/2012,4,1
3/9/2012,2540,18
3/11/2012,2525,1
3/15/2012,2177,22
3/16/2012,27,0
3/17/2012,194,1
3/18/2012,1250,217
3/19/2012,58,0
3/20/2012,1305,39
3/21/2012,88,23
3/22/2012,20,23
3/26/2012,74,2
3/31/2012,53,48
4/6/2012,0,1
4/7/2012,216,0
4/8/2012,44,2
4/9/2012,73,1
4/15/2012,296,245
4/20/2012,12,5
4/22/2012,2,0
4/23/2012,1,3
4/24/2012,0,3
4/25/2012,34,4
4/26/2012,46,16
4/30/2012,29,0
5/2/2012,314,19
5/3/2012,121,17
5/5/2012,276,9
5/6/2012,857,45
5/8/2012,0,1
5/10/2012,1249,36
5/11/2012,10,5
5/12/2012,47,14
5/13/2012,68,287
5/14/2012,273,132
5/15/2012,104,138
5/18/2012,153,0
5/19/2012,1,0
5/20/2012,49,191
5/21/2012,23,4
5/22/2012,0,1
5/23/2012,24,4
5/24/2012,5,22
5/25/2012,27,3
5/27/2012,836,101
5/28/2012,134,6
5/29/2012,80,2
6/1/2012,460,5
6/2/2012,209,4
6/3/2012,514,14
6/4/2012,169,304
6/5/2012,90,1415
6/6/2012,0,78
6/7/2012,156,1417
6/8/2012,0,371
6/9/2012,2218,682
6/10/2012,336,1393
6/11/2012,448,223
6/12/2012,12,0
6/13/2012,11,5
6/14/2012,30,32
6/16/2012,0,3
6/17/2012,226,558
6/18/2012,24,4
6/19/2012,831,313
6/20/2012,7,320
6/21/2012,12,759
6/22/2012,87,1220
6/24/2012,31,212
6/25/2012,473,57
6/26/2012,404,779
6/27/2012,298,1309
6/28/2012,281,638
6/29/2012,413,158
6/30/2012,285,57
7/1/2012,40,2
7/2/2012,17,43
7/3/2012,770,229
7/4/2012,223,1
7/5/2012,1,11
7/7/2012,90,3
7/8/2012,1177,220
7/9/2012,119,136
7/10/2012,177,62
7/11/2012,5028,150
7/12/2012,28,109
7/13/2012,259,255
7/14/2012,103,15
7/15/2012,5,31
7/16/2012,1124,196
7/18/2012,17,47
7/19/2012,300,567
7/20/2012,4661,110
7/21/2012,18,81
7/22/2012,5252,237
7/23/2012,8117,23
7/24/2012,324,28
7/25/2012,197,318
7/26/2012,68,61
7/27/2012,121,44
7/29/2012,26,8
7/30/2012,1,2
7/31/2012,3,3
8/1/2012,916,606
8/2/2012,48,54
8/3/2012,63,72
8/4/2012,22,1
8/6/2012,2003,484
8/8/2012,873,129
8/9/2012,10,1
8/10/2012,221,0
8/11/2012,317,72
8/15/2012,295,17
8/16/2012,4,0
8/17/2012,286,22
8/18/2012,193,827
8/19/2012,146,629
8/20/2012,1376,832
8/21/2012,1164,142
8/22/2012,335,28
8/23/2012,505,272
8/24/2012,1052,408
8/25/2012,480,208
8/26/2012,114,397
8/27/2012,59,5
8/28/2012,822,805
8/29/2012,869,216
8/30/2012,889,761
8/31/2012,539,6
9/1/2012,887,193
9/2/2012,867,1099
9/3/2012,2476,721
9/4/2012,900,478
9/5/2012,802,206
9/6/2012,517,43
9/7/2012,1458,264
9/8/2012,1463,447
9/9/2012,1332,407
9/10/2012,334,578
9/11/2012,3723,1981
9/12/2012,90,130
9/13/2012,2816,31
9/14/2012,4261,136
9/15/2012,290,1
9/16/2012,710,76
9/17/2012,2101,135
9/18/2012,2117,416
9/19/2012,720,58
9/20/2012,1842,236
9/21/2012,1363,103
9/22/2012,1270,504
9/23/2012,22,12
9/24/2012,292,68
9/25/2012,651,202
9/26/2012,300,88
9/27/2012,621,108
9/28/2012,452,448
9/29/2012,768,101
9/30/2012,195,179
10/1/2012,1158,182
10/2/2012,162,103
10/3/2012,247,4
10/4/2012,1741,601
10/5/2012,1538,152
10/6/2012,701,253
10/7/2012,1531,495
10/8/2012,622,215
10/9/2012,684,425
10/10/2012,693,531
10/11/2012,1954,381
10/12/2012,1900,699
10/13/2012,589,150
10/14/2012,829,331
10/15/2012,936,409
10/16/2012,828,669
10/17/2012,1370,131
10/18/2012,790,9
10/19/2012,558,17
10/20/2012,107,0
10/21/2012,290,20
10/22/2012,513,12
10/23/2012,363,62
10/24/2012,1446,65
10/25/2012,219,26
10/26/2012,129,47
10/27/2012,201,13
10/28/2012,31,1
10/29/2012,0,1
10/30/2012,4240,54
10/31/2012,3651,484
11/1/2012,125,31
11/2/2012,33,2
11/3/2012,410,298
11/4/2012,1612,186
11/5/2012,2127,31
11/6/2012,2301,364
11/7/2012,110,1762
11/8/2012,733,177
11/9/2012,579,77
11/10/2012,598,206
11/11/2012,127,5
11/12/2012,749,134
11/13/2012,2429,285
11/14/2012,47,93
11/15/2012,1480,150
11/16/2012,912,5
11/17/2012,255,18
11/18/2012,557,132
11/19/2012,1108,738
11/20/2012,531,96
11/21/2012,814,78
11/22/2012,1815,20
11/23/2012,1286,81
11/24/2012,186,28
11/25/2012,525,13
11/26/2012,279,162
11/27/2012,1102,106
11/28/2012,2724,53
11/29/2012,1744,74
11/30/2012,1421,176
12/1/2012,76,54
12/2/2012,1613,104
12/3/2012,630,173
12/4/2012,682,135
12/5/2012,1130,136
12/6/2012,1283,609
12/7/2012,1310,303
12/8/2012,699,511
12/9/2012,2316,680
12/10/2012,228,49
12/11/2012,658,117
12/12/2012,2888,362
12/13/2012,2917,47
12/14/2012,2573,310
12/15/2012,352,7
12/16/2012,138,273
12/17/2012,962,423
12/18/2012,634,98
12/19/2012,4283,353
12/20/2012,5784,1123
12/21/2012,270,41
12/22/2012,135,52
12/23/2012,410,88
12/24/2012,1817,126
12/25/2012,1059,17
12/26/2012,3768,174
12/27/2012,236,73
12/28/2012,761,102
12/29/2012,371,65
12/30/2012,257,102
12/31/2012,698,80
1/1/2013,1516,216
1/2/2013,207,60
1/3/2013,347,89
1/4/2013,428,836
1/6/2013,488,110
1/7/2013,1402,589
1/8/2013,826,412
1/9/2013,367,383
1/10/2013,277,1124
1/11/2013,4346,107
1/12/2013,236,2
1/13/2013,1967,356
1/14/2013,77,26
1/15/2013,1053,95
1/16/2013,961,350
1/17/2013,1848,374
1/18/2013,174,47
1/19/2013,4682,24
1/20/2013,162,9
1/21/2013,40,5
1/22/2013,59,8
1/23/2013,53,8
1/24/2013,1010,51
1/25/2013,357,64
1/26/2013,435,97
1/27/2013,1381,298
1/28/2013,739,63
1/29/2013,313,166
1/30/2013,5207,146
1/31/2013,3943,109
2/1/2013,3659,69
2/2/2013,1868,236
2/3/2013,1347,166
2/4/2013,775,23
2/5/2013,1541,70
2/6/2013,1312,181
2/7/2013,386,147
2/8/2013,1565,52
2/9/2013,984,347
2/10/2013,3876,268
2/11/2013,1968,71
2/12/2013,1053,171
2/13/2013,451,138
2/14/2013,1175,188
2/15/2013,1867,144
2/16/2013,993,8
2/17/2013,1972,58
2/18/2013,25580,692
2/19/2013,2104,102
2/20/2013,2625,30
2/21/2013,6943,356
2/22/2013,8114,2034
2/23/2013,51888,2146
2/24/2013,20935,1299
2/25/2013,3357,93
2/26/2013,7442,434
2/27/2013,5054,753
2/28/2013,619,37
3/1/2013,3154,142
3/2/2013,1856,237
3/3/2013,11306,371
3/4/2013,6593,638
3/5/2013,9890,132
3/6/2013,7714,200
3/7/2013,10174,718
3/8/2013,13887,441
3/9/2013,3757,76
3/10/2013,3519,206
3/11/2013,10767,591
3/12/2013,15103,255
3/13/2013,7462,290
3/14/2013,1417,57
3/15/2013,4442,110
3/16/2013,256,283
3/17/2013,3775,225
3/18/2013,13155,515
3/19/2013,6074,209
3/20/2013,6492,412
3/21/2013,2670,434
3/22/2013,3805,298
3/23/2013,13601,314
3/24/2013,12490,252
3/25/2013,140,266
3/26/2013,358,110
3/27/2013,7367,425
3/28/2013,3111,89
3/29/2013,840,22
3/30/2013,2856,203
4/1/2013,2202,50
4/2/2013,2559,117
4/3/2013,1424,122
4/4/2013,1336,158
4/5/2013,2087,111
4/6/2013,722,37
4/7/2013,13897,486
4/8/2013,6993,354
4/9/2013,5530,572
4/10/2013,4684,121
4/11/2013,6227,168
4/12/2013,4634,29
4/13/2013,1337,2
4/14/2013,260,65
4/15/2013,5018,62
4/16/2013,1516,201
4/17/2013,493,58
4/18/2013,3462,38
4/19/2013,3263,293
4/20/2013,3741,324
4/21/2013,5627,413
4/22/2013,3556,152
4/23/2013,5598,165
4/24/2013,2811,214
4/25/2013,3949,373
4/26/2013,4793,372
4/27/2013,2335,140
4/28/2013,1330,158
4/29/2013,3023,243
4/30/2013,1228,247
5/1/2013,5663,528
5/2/2013,2021,81
5/3/2013,1613,190
5/4/2013,2453,1338
5/5/2013,515,121
5/6/2013,2956,285
5/7/2013,1307,171
5/8/2013,557,88
5/9/2013,1294,113
5/10/2013,4838,199
5/11/2013,225,378
5/12/2013,1354,285
5/13/2013,3652,350
5/14/2013,2590,602
5/15/2013,688,101
5/16/2013,1407,153
5/17/2013,5971,336
5/18/2013,4113,94
5/19/2013,3420,256
5/20/2013,2934,271
5/21/2013,6916,203
5/22/2013,5586,196
5/23/2013,4495,318
5/24/2013,4516,365
5/25/2013,824,135
5/26/2013,1216,113
5/27/2013,4729,208
5/28/2013,4615,280
5/29/2013,4736,221
5/30/2013,5915,232
5/31/2013,2191,171
6/1/2013,660,259
6/2/2013,644,145
6/3/2013,1214,172
6/4/2013,2250,248
6/5/2013,1619,429
6/6/2013,1600,86
6/7/2013,491,65
6/8/2013,1813,1198
6/9/2013,3412,309
6/10/2013,948,259
6/11/2013,1168,140
6/12/2013,2445,448
6/13/2013,846,351
6/14/2013,970,129
6/15/2013,3,2
6/17/2013,1227,269
6/18/2013,554,132
6/19/2013,18088,756
6/20/2013,12297,671
6/21/2013,1985,130
6/22/2013,298,87
6/23/2013,638,161
6/24/2013,500,276
6/25/2013,2653,118
6/26/2013,3782,513
6/27/2013,3685,237
6/28/2013,1797,243
6/29/2013,1245,239
7/1/2013,325,845
7/2/2013,357,182
7/3/2013,128,20
7/4/2013,1813,471
7/5/2013,546,6785
7/6/2013,19,26
7/7/2013,225,222
7/8/2013,463,462
7/9/2013,116,488
7/10/2013,229,138
7/11/2013,5,4
7/12/2013,122,38
7/15/2013,2727,544
7/16/2013,1908,59
7/17/2013,58,200
7/18/2013,5904,1814
7/19/2013,1354,84
7/20/2013,4160,82
7/21/2013,2101,0
7/22/2013,1472,30
7/23/2013,1889,46
7/24/2013,592,189
7/25/2013,1285,52
7/26/2013,137,86
7/27/2013,1,5
7/28/2013,1552,430
7/29/2013,44,51
7/30/2013,429,88
7/31/2013,1248,148
8/1/2013,171,274
8/2/2013,1629,139
8/3/2013,7855,13
8/4/2013,167,55
8/5/2013,1160,107
8/6/2013,582,62
8/7/2013,3405,194
8/8/2013,1865,75
8/9/2013,3308,80
8/10/2013,9017,110
8/11/2013,1186,1963
8/12/2013,1859,197
8/13/2013,8627,1637
8/14/2013,6537,61
8/15/2013,4425,1977
8/16/2013,2613,489
8/17/2013,33,3
8/18/2013,3934,84
8/19/2013,8520,107
8/20/2013,10503,296
8/21/2013,624,15
8/22/2013,7291,652
8/23/2013,6812,307
8/24/2013,3336,161
8/25/2013,6172,217
8/26/2013,5549,304
8/27/2013,4278,341
8/28/2013,5261,271
8/29/2013,7312,243
8/30/2013,7937,172
8/31/2013,5156,147
9/1/2013,4804,923
9/2/2013,4260,229
9/3/2013,3904,303
9/4/2013,4327,269
9/5/2013,4558,171
9/6/2013,3718,166
9/7/2013,9801,422
9/8/2013,921,412
9/9/2013,3489,1259
9/10/2013,3719,885
9/11/2013,4972,1318
9/12/2013,11551,2130
9/13/2013,685,89
9/14/2013,695,159
9/15/2013,3801,2426
9/16/2013,3246,2682
9/17/2013,3371,618
9/18/2013,3647,1460
9/19/2013,4621,819
9/20/2013,585,276
9/21/2013,407,272
9/22/2013,1556,881
9/23/2013,3978,1298
9/24/2013,678,718
9/25/2013,360,404
9/26/2013,968,281
9/27/2013,707,511
9/28/2013,1573,98
9/29/2013,1848,335
9/30/2013,8243,1763
10/1/2013,7779,1062
10/2/2013,9693,1531
10/3/2013,5872,797
10/4/2013,12083,348
10/5/2013,534,77
10/6/2013,204,174
10/7/2013,176,117
10/8/2013,358,390
10/9/2013,157,181
10/10/2013,309,603
10/12/2013,1071,297
10/13/2013,2220,289
10/14/2013,856,100
10/15/2013,628,170
10/16/2013,1903,28
10/17/2013,272,65
10/18/2013,13,42
10/19/2013,0,1
10/20/2013,209,127
10/21/2013,245,200
10/22/2013,43,9
10/23/2013,295,144
10/24/2013,3258,248
10/25/2013,4031,626
10/26/2013,3958,2676
10/27/2013,474,336
10/28/2013,859,384
10/29/2013,3160,59
10/30/2013,2335,112
10/31/2013,3900,1458
11/1/2013,36172,3312
11/2/2013,20729,1476
11/3/2013,1159,401
11/4/2013,1132,115
11/5/2013,4867,879
11/6/2013,10715,1637
11/7/2013,12318,1176
11/8/2013,19190,1224
11/9/2013,3298,205
11/10/2013,3211,1485
11/11/2013,2736,983
11/12/2013,3264,627
11/13/2013,31,47
11/14/2013,1294,1254
11/15/2013,92,20
11/16/2013,78,1
11/17/2013,610,88
11/18/2013,1115,35
11/19/2013,2042,396
11/20/2013,3425,285
11/21/2013,350,239
11/22/2013,285,34
11/23/2013,22,12
11/24/2013,2296,154
11/25/2013,4133,473
11/26/2013,564,210
11/27/2013,3497,228
11/28/2013,17,30
11/29/2013,1654,125
11/30/2013,40,1
12/1/2013,788,138
12/2/2013,4017,536
12/3/2013,3129,412
12/4/2013,1733,142
12/5/2013,2770,285
12/6/2013,5365,15
12/8/2013,1492,123
12/9/2013,3863,251
12/10/2013,5,0
12/11/2013,0,1
12/12/2013,299,37
12/13/2013,347,205
12/14/2013,34,9
12/15/2013,504,4
12/16/2013,667,490
12/17/2013,12,4
12/18/2013,663,104
12/19/2013,3275,1603
12/20/2013,1770,116
12/21/2013,1458,488
12/22/2013,2816,123
12/23/2013,219,72
12/24/2013,66,205
12/25/2013,190,22
12/26/2013,471,13
12/27/2013,572,38
12/28/2013,747,7
12/29/2013,139,484
12/30/2013,49,16
12/31/2013,34,4
1/1/2014,42,1
1/2/2014,3087,18
1/3/2014,739,2
1/4/2014,72,46
1/5/2014,141,64
1/6/2014,1680,137
1/7/2014,39,22
1/8/2014,22,15
1/9/2014,6965,79
1/10/2014,21,2
1/11/2014,8,0
1/12/2014,59,31
1/13/2014,39,46
1/14/2014,1377,115
1/15/2014,5524,178
1/16/2014,7050,209
1/17/2014,5352,84
1/18/2014,4892,83
1/19/2014,4411,77
1/20/2014,4735,182
1/21/2014,4747,206
1/22/2014,5440,113
1/23/2014,1285,46
1/24/2014,200,19
1/25/2014,61,4
1/26/2014,2608,186
1/27/2014,435,87
1/28/2014,4655,170
1/29/2014,6945,126
1/30/2014,6847,129
1/31/2014,2085,47
2/1/2014,65,9
2/2/2014,1613,165
2/3/2014,3828,122
2/4/2014,1485,375
2/5/2014,1950,357
2/6/2014,1306,393
2/7/2014,4,6
2/8/2014,777,95
2/9/2014,1244,48
2/10/2014,471,82
2/11/2014,226,6
2/12/2014,2181,15
2/13/2014,297,17
2/14/2014,17,2
2/16/2014,10,7
2/17/2014,11,6
2/18/2014,770,14
2/19/2014,595,130
2/20/2014,417,59
2/21/2014,568,45
2/22/2014,1111,352
2/23/2014,1231,104
2/24/2014,1761,166
2/25/2014,9351,185
2/26/2014,798,182
2/27/2014,2705,41
2/28/2014,902,14
3/1/2014,1299,67
3/2/2014,823,26
3/3/2014,2594,23
3/4/2014,19470,99
3/5/2014,1723,101
3/6/2014,494,18
3/7/2014,419,152
3/8/2014,1382,17
3/9/2014,114,61
3/10/2014,1114,120
3/11/2014,3006,152
3/12/2014,582,93
3/13/2014,341,64
3/14/2014,125,1559
3/15/2014,120,5
3/16/2014,3126,300
3/17/2014,1146,126
3/18/2014,1545,128
3/19/2014,1861,152
3/20/2014,1479,293
3/21/2014,875,68
3/22/2014,5371,573
3/23/2014,558,13
3/24/2014,3218,97
3/25/2014,933,157
3/26/2014,37,67
3/27/2014,569,108
3/28/2014,20,4
3/29/2014,1,1
3/30/2014,55,138
3/31/2014,2505,163
4/1/2014,49,88
4/2/2014,152,92
4/3/2014,192,869
4/4/2014,1933,213
4/5/2014,93,17
4/6/2014,402,16
4/7/2014,679,10
4/8/2014,346,4
4/9/2014,223,4
4/10/2014,847,9
4/11/2014,699,6
4/12/2014,3,1
4/13/2014,4,4
4/14/2014,341,83
4/15/2014,7,4
4/16/2014,838,27
4/17/2014,919,116
4/18/2014,365,151
4/19/2014,791,73
4/20/2014,1577,198
4/21/2014,4708,213
4/22/2014,5124,13
4/23/2014,79,56
4/24/2014,857,166
4/25/2014,543,86
4/26/2014,6,4
4/27/2014,1170,185
4/28/2014,8874,75
4/29/2014,1350,72
4/30/2014,439,36
5/1/2014,361,1450
5/2/2014,554,735
5/3/2014,24,1
5/4/2014,520,316
5/5/2014,3780,145
5/6/2014,822,279
5/7/2014,111,7
5/8/2014,41,135
5/9/2014,538,13
5/11/2014,16,2
5/12/2014,7161,468
5/13/2014,58,90
5/14/2014,156,273
5/15/2014,109,30
5/16/2014,8,0
5/17/2014,9422,1146
5/18/2014,840,297
5/19/2014,1581,120
5/20/2014,2472,456
5/21/2014,184,312
5/22/2014,72,364
5/23/2014,636,63
5/24/2014,486,0
5/25/2014,123,7
5/26/2014,338,14
5/27/2014,1784,210
5/28/2014,2966,484
5/29/2014,466,13
5/30/2014,558,160
5/31/2014,140,0
6/1/2014,12,1
6/2/2014,191,69
6/3/2014,3073,168
6/4/2014,2,1
6/5/2014,2008,236
6/6/2014,3299,129
6/7/2014,4765,370
6/8/2014,9199,164
6/9/2014,1730,110
6/10/2014,948,14
6/11/2014,87,717
6/12/2014,81,48
6/13/2014,1021,141
6/14/2014,37,84
6/15/2014,1091,90
6/16/2014,689,41
6/17/2014,252,398
6/18/2014,1295,72
6/19/2014,2739,482
6/20/2014,1885,216
6/21/2014,300,114
6/22/2014,1224,65
6/23/2014,2464,175
6/24/2014,1552,49
6/25/2014,1694,46
6/26/2014,594,16
6/27/2014,354,17
6/29/2014,306,297
6/30/2014,508,137
7/1/2014,2251,162
7/2/2014,2346,59
7/3/2014,2120,139
7/4/2014,1715,178
7/5/2014,230,27
7/6/2014,1853,97
7/7/2014,6405,243
7/8/2014,136,8
7/9/2014,550,871
7/10/2014,305,105
7/11/2014,615,25
7/12/2014,246,32
7/13/2014,230,243
7/14/2014,5,1
7/15/2014,33,19
7/16/2014,3981,139
7/17/2014,1919,13
7/18/2014,2718,22
7/19/2014,1776,29
7/20/2014,25,0
7/21/2014,914,564
7/22/2014,110,12
7/23/2014,90,9
7/24/2014,880,378
7/25/2014,578,1
7/26/2014,2869,143
7/28/2014,1572,29
7/29/2014,2033,24
7/30/2014,941,66
7/31/2014,88,45
8/1/2014,32,0
8/2/2014,2255,62
8/3/2014,5569,109
8/4/2014,1135,211
8/5/2014,214,58
8/6/2014,205,206
8/7/2014,248,197
8/8/2014,1601,8
8/10/2014,0,5
8/11/2014,905,12
8/12/2014,950,18
8/13/2014,2000,92
8/14/2014,8367,524
8/15/2014,4197,539
8/16/2014,1863,174
8/17/2014,4386,198
8/18/2014,4667,87
8/19/2014,1689,155
8/20/2014,2494,1167
8/21/2014,3423,1109
8/22/2014,1497,94
8/23/2014,6605,4
8/24/2014,37,17
8/25/2014,1995,148
8/26/2014,1899,283
8/27/2014,7422,506
8/28/2014,9452,823
8/29/2014,6240,522
8/30/2014,2452,365
8/31/2014,5152,238
9/1/2014,1430,224
9/2/2014,4241,373
9/3/2014,3666,299
9/4/2014,3182,101
9/5/2014,9815,800
9/6/2014,961,24
9/7/2014,10053,509
9/8/2014,12922,1494
9/9/2014,7947,1011
9/10/2014,4852,601
9/11/2014,9289,795
9/12/2014,9121,431
9/13/2014,5335,223
9/14/2014,8246,222
9/15/2014,2776,440
9/16/2014,6397,367
9/17/2014,3241,1121
9/18/2014,13090,794
9/19/2014,4864,216
9/20/2014,10234,233
9/21/2014,4518,353
9/22/2014,8891,452
9/23/2014,4253,101
9/24/2014,2006,94
9/25/2014,4969,170
9/26/2014,1120,150
9/27/2014,2957,41
9/28/2014,4022,30
9/29/2014,5679,600
9/30/2014,1425,191
10/1/2014,1895,173
10/2/2014,165,31
10/3/2014,0,1
10/4/2014,10012,443
10/5/2014,16762,190
10/6/2014,2001,127
10/7/2014,2500,4
10/8/2014,2691,192
10/9/2014,4660,474
10/10/2014,7949,670
10/11/2014,789,89
10/12/2014,262,7
10/13/2014,3923,55
10/14/2014,1231,26
10/15/2014,192,137
10/16/2014,20,8
10/17/2014,2766,89
10/18/2014,61,0
10/19/2014,670,71
10/20/2014,26,28
10/21/2014,1517,599
10/22/2014,2208,257
10/23/2014,481,56
10/24/2014,1279,6
10/25/2014,5001,9
10/26/2014,13890,217
10/27/2014,9311,324
10/28/2014,4444,307
10/29/2014,5278,235
10/30/2014,3751,709
10/31/2014,931,718
11/1/2014,3,0
11/2/2014,174,75
11/3/2014,1123,131
11/4/2014,748,72
11/5/2014,5084,89
11/6/2014,34,27
11/7/2014,9062,311
11/8/2014,4220,669
11/9/2014,1726,92
11/10/2014,1120,257
11/11/2014,1282,20
11/12/2014,187,32
11/13/2014,177,4
11/14/2014,1240,202
11/15/2014,2470,407
11/16/2014,1862,355
11/17/2014,9,18
11/18/2014,268,136
11/19/2014,99,5
11/20/2014,237,20
11/21/2014,697,8
11/22/2014,3356,77
11/23/2014,7949,470
11/24/2014,9729,343
11/25/2014,11200,425
11/26/2014,10511,345
11/27/2014,6017,87
11/28/2014,8433,1726
11/29/2014,2537,118
11/30/2014,5170,62
12/1/2014,5486,313
12/2/2014,2044,10
12/3/2014,2079,41
12/4/2014,1019,12
12/5/2014,570,8
12/6/2014,1977,330
12/7/2014,2388,9
12/8/2014,137,13
12/9/2014,394,122
12/10/2014,2,3
12/11/2014,3481,119
12/12/2014,360,1
12/13/2014,1466,150
12/14/2014,4856,241
12/15/2014,3086,15
12/16/2014,2516,39
12/17/2014,84,14
12/18/2014,2322,43
12/19/2014,2157,85
12/20/2014,1720,6
12/21/2014,2835,110
12/22/2014,296,30
12/23/2014,3193,47
12/24/2014,5638,50
12/25/2014,42,8
12/26/2014,2934,46
12/27/2014,9505,62
12/28/2014,5066,56
12/29/2014,1181,37
12/30/2014,4289,152
12/31/2014,2936,214
1/1/2015,2138,4
1/2/2015,2074,14
1/3/2015,129,10
1/4/2015,304,62
1/5/2015,3744,12
1/6/2015,8,12
1/7/2015,3641,37
1/8/2015,12,0
1/9/2015,0,2
1/10/2015,22,195
1/11/2015,3619,186
1/12/2015,116,60
1/13/2015,3,1
1/14/2015,303,49
1/15/2015,449,80
1/16/2015,2109,27
1/17/2015,2970,125
1/18/2015,1844,42
1/19/2015,562,12
1/20/2015,325,23
1/21/2015,1,0
1/22/2015,2904,90
1/23/2015,1167,26
1/24/2015,559,375
1/25/2015,51,12
1/26/2015,210,75
1/27/2015,391,113
1/28/2015,574,256
1/29/2015,2717,191
1/30/2015,1173,13
1/31/2015,251,38
2/1/2015,705,133
2/2/2015,2409,116
2/3/2015,951,75
2/4/2015,1010,213
2/5/2015,558,153
2/6/2015,340,49
2/7/2015,244,71
2/8/2015,1235,13
2/9/2015,8486,799
2/10/2015,9123,801
2/11/2015,4375,804
2/12/2015,12043,929
2/13/2015,21193,929
2/14/2015,29356,1045
2/15/2015,61504,2872
2/16/2015,42544,1378
2/17/2015,19635,994
2/18/2015,19118,558
2/19/2015,39292,876
2/20/2015,29722,1215
2/21/2015,27778,921
2/22/2015,15378,1184
2/23/2015,26072,2335
2/24/2015,26837,2291
2/25/2015,27559,1173
2/26/2015,24724,541
2/27/2015,40304,1579
2/28/2015,31371,2041
3/1/2015,63589,1182
3/2/2015,36411,923
3/3/2015,17157,1598
3/4/2015,30134,2125
3/5/2015,27053,425
3/6/2015,21323,766
3/7/2015,12761,487
3/8/2015,14967,1295
3/9/2015,6172,564
3/10/2015,9180,704
3/11/2015,8709,140
3/12/2015,6077,516
3/13/2015,735,66
3/14/2015,15239,1102
3/15/2015,18697,282
3/16/2015,9562,330
3/17/2015,18013,128
3/18/2015,28477,229
3/19/2015,32197,294
3/20/2015,28858,147
3/21/2015,33059,172
3/22/2015,33703,680
3/23/2015,36797,1644
3/24/2015,15502,3307
3/25/2015,32096,858
3/26/2015,33076,455
3/27/2015,37329,2619
3/28/2015,19162,2696
3/29/2015,23204,4546
3/30/2015,7668,404
3/31/2015,20485,490
4/1/2015,23171,324
4/2/2015,52090,1129
4/3/2015,26316,1708
4/4/2015,16927,235
4/5/2015,36132,239
4/6/2015,12820,194
4/7/2015,27596,1532
4/8/2015,16938,906
4/9/2015,11891,489
4/10/2015,9074,609
4/11/2015,13861,115
4/12/2015,11179,375
4/13/2015,12149,413
4/14/2015,9558,221
4/15/2015,12494,353
4/16/2015,9280,301
4/17/2015,10590,1241
4/18/2015,9461,236
4/19/2015,14475,544
4/20/2015,9374,1339
4/21/2015,9919,1097
4/22/2015,6931,848
4/23/2015,5236,858
4/24/2015,2442,64
4/25/2015,318804,9257
4/26/2015,757559,30100
4/27/2015,771724,42996
4/28/2015,763492,53446
4/29/2015,870451,84549
4/30/2015,805321,111287
5/1/2015,605410,73607
5/2/2015,347721,169027
5/3/2015,384023,93894
5/4/2015,461778,106537
5/5/2015,547474,104153
5/6/2015,421333,92289
5/7/2015,279640,106615
5/8/2015,277343,79949
5/9/2015,212132,71794
5/10/2015,150668,52915
5/11/2015,170555,153451
5/12/2015,247949,145918
5/13/2015,282554,168978
5/14/2015,272742,229424
5/15/2015,297780,168672
5/16/2015,200319,23036
5/17/2015,170745,19909
5/18/2015,154277,50364
5/19/2015,161714,14674
5/20/2015,128640,12687
5/21/2015,144788,17620
5/22/2015,141407,13557
5/23/2015,98068,8380
5/24/2015,164330,12419
5/25/2015,223096,162546
5/26/2015,150138,33549
5/27/2015,123900,9939
5/28/2015,116422,14674
5/29/2015,67464,10285
5/30/2015,71561,11927
5/31/2015,87179,16120
6/1/2015,92859,12421
6/2/2015,86872,7067
6/3/2015,59060,5301
6/4/2015,83542,6735
6/5/2015,45444,5634
6/6/2015,42396,7650
6/7/2015,64477,5260
6/8/2015,70853,7673
6/9/2015,60209,7476
6/10/2015,54773,2977
6/11/2015,51533,2511
6/12/2015,62963,1592
6/13/2015,34820,1598
6/14/2015,0,1647
6/15/2015,0,4902
6/16/2015,0,4890
6/17/2015,0,3232
6/18/2015,0,1791
6/19/2015,0,4837
6/20/2015,0,3327
6/21/2015,0,9603
6/22/2015,0,2829
6/23/2015,0,4561
6/24/2015,0,1410
6/25/2015,0,1588
6/26/2015,0,2739
6/27/2015,0,2445
6/28/2015,0,1908
6/29/2015,0,2921
6/30/2015,0,1044
7/1/2015,0,11368
7/2/2015,0,10425
7/3/2015,0,1593
7/4/2015,0,1619
7/5/2015,0,2837
7/6/2015,0,4300
7/7/2015,0,1235
7/8/2015,0,1812
7/9/2015,0,1943
7/10/2015,0,1244
7/11/2015,0,1652
7/12/2015,0,325
7/13/2015,0,1711
7/14/2015,0,2392
7/15/2015,0,1754
7/16/2015,0,1531
7/17/2015,0,5775
7/18/2015,0,112
7/19/2015,0,1058
7/20/2015,0,1172
7/21/2015,0,188
7/22/2015,0,466
7/23/2015,0,808
7/24/2015,0,681
7/25/2015,0,347
7/26/2015,0,550
7/27/2015,0,484
7/28/2015,0,778
7/29/2015,0,2846
7/30/2015,0,403
7/31/2015,0,1199
8/1/2015,0,410
8/2/2015,0,649
8/3/2015,0,583
8/4/2015,0,662
8/5/2015,0,1550
8/6/2015,0,3846
8/7/2015,0,1166
8/8/2015,0,172
8/9/2015,0,323
8/10/2015,0,610
8/11/2015,0,692
8/12/2015,0,1220
8/13/2015,0,153
8/14/2015,0,619
8/15/2015,0,37
8/16/2015,0,295
8/17/2015,0,166
8/18/2015,0,851
8/19/2015,0,217
8/20/2015,0,722
8/21/2015,0,8
8/22/2015,0,80
8/23/2015,0,55
8/24/2015,0,165
8/25/2015,0,160
8/26/2015,0,43
8/27/2015,0,938
8/28/2015,0,351
8/29/2015,0,242
8/30/2015,0,31
8/31/2015,0,97
9/1/2015,0,469
9/2/2015,0,194
9/3/2015,0,131
9/4/2015,0,1252
9/5/2015,0,176
9/6/2015,0,3
9/7/2015,0,44
9/8/2015,0,721
9/9/2015,0,114
9/10/2015,0,72
9/11/2015,0,235
9/12/2015,0,12
9/13/2015,0,477
9/14/2015,0,328
9/15/2015,0,380
9/16/2015,0,59
9/17/2015,0,86
9/18/2015,0,31
9/19/2015,0,75
9/20/2015,0,121
9/21/2015,0,242
9/22/2015,0,266
9/23/2015,0,454
9/24/2015,0,677
9/25/2015,0,102
9/26/2015,0,13
9/27/2015,0,233
9/28/2015,0,122
9/29/2015,0,1115
9/30/2015,0,482
10/1/2015,0,1000
10/2/2015,0,83
10/3/2015,0,19
10/4/2015,0,63
10/5/2015,0,77
10/6/2015,0,530
10/7/2015,0,485
10/8/2015,0,68
10/9/2015,0,38
10/10/2015,0,103
10/11/2015,0,1293
10/12/2015,0,427
10/13/2015,0,2014
10/14/2015,0,422
10/15/2015,0,190
10/16/2015,0,6426
10/17/2015,0,121
10/18/2015,0,163
10/19/2015,0,229
10/20/2015,0,180
10/21/2015,0,509
10/22/2015,0,373
10/23/2015,0,68
10/24/2015,0,219
10/25/2015,0,274
10/26/2015,0,159
10/27/2015,0,148
10/28/2015,0,259
10/29/2015,0,316
10/30/2015,0,379
10/31/2015,0,173
11/1/2015,0,538
11/2/2015,0,569
11/3/2015,0,608
11/4/2015,0,1206
11/5/2015,0,384
11/6/2015,0,187
11/7/2015,0,143
11/8/2015,0,1688
11/9/2015,0,1776
11/10/2015,0,86
11/11/2015,0,1157
11/12/2015,0,433
11/13/2015,0,1076
11/14/2015,0,24
11/15/2015,0,611
11/16/2015,0,450
11/17/2015,0,1023
11/18/2015,0,1694
11/19/2015,0,1398
11/20/2015,0,970
11/21/2015,0,363
11/22/2015,0,1200
11/23/2015,0,299
11/24/2015,0,804
11/25/2015,0,485
11/26/2015,0,345
11/27/2015,0,248
11/28/2015,0,724
11/29/2015,0,222
11/30/2015,0,186
12/1/2015,0,1614
12/2/2015,0,711
12/3/2015,0,607
12/4/2015,0,227
12/5/2015,0,143
12/6/2015,0,21
12/7/2015,0,614
12/8/2015,0,126
12/9/2015,0,38
12/10/2015,0,27
12/11/2015,0,41
12/12/2015,0,75
12/13/2015,0,1621
12/14/2015,0,9
12/15/2015,0,188
12/16/2015,0,106
12/17/2015,0,22
12/18/2015,0,20
12/19/2015,0,33
12/20/2015,0,10
12/21/2015,0,67
12/22/2015,0,81
12/23/2015,0,27
12/24/2015,0,6
12/25/2015,0,38
12/26/2015,0,150
12/27/2015,0,337
12/28/2015,0,119
12/29/2015,0,79
12/30/2015,0,34
12/31/2015,0,249
1/1/2016,0,208
1/2/2016,0,85
1/3/2016,0,235
1/4/2016,0,58
1/5/2016,0,21
1/6/2016,0,126
1/7/2016,0,182
1/8/2016,0,86
1/9/2016,0,1
1/10/2016,0,555
1/11/2016,0,28
1/12/2016,0,18
1/13/2016,0,48
1/14/2016,0,83
1/15/2016,0,6
1/16/2016,0,23
1/17/2016,0,53
1/18/2016,0,41
1/19/2016,0,253
1/20/2016,0,116
1/21/2016,0,277
1/22/2016,0,84
1/23/2016,0,61
1/24/2016,0,18
1/25/2016,0,8
1/26/2016,0,72
1/27/2016,0,10
1/28/2016,0,7
1/29/2016,0,83
1/30/2016,0,81
1/31/2016,0,80
2/1/2016,0,11
2/2/2016,0,71
2/3/2016,0,44
2/4/2016,0,1
2/5/2016,0,35
2/6/2016,0,94
2/7/2016,0,61
2/8/2016,0,39
2/9/2016,0,120
2/10/2016,0,79
2/11/2016,0,48
2/12/2016,0,350
2/13/2016,0,437
2/14/2016,0,765
2/15/2016,0,166
2/16/2016,0,397
2/17/2016,0,2954
2/18/2016,0,336
2/19/2016,0,1199
2/20/2016,0,1784
2/21/2016,0,548
2/22/2016,0,806
2/23/2016,0,1500
2/24/2016,0,1792
2/25/2016,0,1339
2/26/2016,0,1109
2/27/2016,0,1283
2/28/2016,0,746
2/29/2016,0,296
3/1/2016,0,842
3/2/2016,0,249
3/3/2016,0,235
3/4/2016,0,346
3/5/2016,0,616
3/6/2016,0,183
3/7/2016,0,15
3/8/2016,0,31
3/9/2016,0,35
3/10/2016,0,95
3/11/2016,0,78
3/12/2016,0,469
3/13/2016,0,207
3/14/2016,0,63
3/15/2016,0,95
3/16/2016,0,196
3/17/2016,0,610
3/18/2016,0,81
3/19/2016,0,27
3/20/2016,0,783
3/21/2016,0,132
3/22/2016,0,19
3/23/2016,0,53
3/24/2016,0,302
3/25/2016,0,321
3/26/2016,0,151
3/27/2016,0,871
3/28/2016,0,136
3/29/2016,0,9
3/30/2016,0,160
3/31/2016,0,259
4/1/2016,0,614
4/2/2016,0,326
4/3/2016,0,489
4/4/2016,0,556
4/5/2016,0,385
4/6/2016,0,1281
4/7/2016,0,360
4/8/2016,0,726
4/9/2016,0,582
4/10/2016,0,667
4/11/2016,0,456
4/12/2016,0,269
4/13/2016,0,147
4/14/2016,0,317
4/15/2016,0,150
4/16/2016,0,123
4/17/2016,0,121
4/18/2016,0,78
4/19/2016,0,76
4/20/2016,0,59
4/21/2016,0,254
4/22/2016,0,1224
4/23/2016,0,359
4/24/2016,0,248
4/25/2016,0,41
4/26/2016,0,99
4/27/2016,0,170
4/28/2016,0,709
4/29/2016,0,375
4/30/2016,0,160
5/1/2016,0,150
5/2/2016,0,127
5/3/2016,0,854
5/4/2016,0,479
5/5/2016,0,147
5/6/2016,0,547
5/7/2016,0,35
5/8/2016,0,624
5/9/2016,0,283
5/10/2016,0,487
5/11/2016,0,2357
5/12/2016,0,1323
5/13/2016,0,383
5/14/2016,0,99
5/15/2016,0,273
5/16/2016,0,214
5/17/2016,0,1233
5/18/2016,0,1259
5/19/2016,0,810
5/20/2016,0,320
5/21/2016,0,40
5/22/2016,0,154
5/23/2016,0,1020
5/24/2016,0,929
5/25/2016,0,383
5/26/2016,0,701
5/27/2016,0,1019
5/28/2016,0,60
5/29/2016,0,148
5/30/2016,0,620
5/31/2016,0,846
6/1/2016,0,701
6/2/2016,0,663
6/3/2016,0,430
6/4/2016,0,476
6/5/2016,0,214
6/6/2016,0,1860
6/7/2016,0,1363
6/8/2016,0,2567
6/9/2016,0,2020
6/10/2016,0,133
6/11/2016,0,92
6/12/2016,0,1297
6/13/2016,0,512
6/14/2016,0,1038
6/15/2016,0,162
6/16/2016,0,387
6/17/2016,0,2207
6/18/2016,0,22
6/19/2016,0,1453
6/20/2016,0,728
6/21/2016,0,716
6/22/2016,0,58
6/23/2016,0,187
6/24/2016,0,577
6/25/2016,0,56
6/26/2016,0,5182
6/27/2016,0,310
6/28/2016,0,1713
6/29/2016,0,310
6/30/2016,0,861
7/1/2016,0,128
7/2/2016,0,87
7/3/2016,0,323
7/4/2016,0,119
7/5/2016,0,43
7/6/2016,0,154
7/7/2016,0,1642
7/8/2016,0,65
7/9/2016,0,1
7/10/2016,0,880
7/11/2016,0,383
7/12/2016,0,136
7/13/2016,0,3
7/14/2016,0,287
7/15/2016,0,20
7/16/2016,0,14
7/17/2016,0,42
7/18/2016,0,88
7/19/2016,0,281
7/20/2016,0,206
7/21/2016,0,197
7/22/2016,0,491
7/23/2016,0,38
7/24/2016,0,27
7/25/2016,0,30
7/26/2016,0,68
7/27/2016,0,1046
7/28/2016,0,357
7/29/2016,0,828
7/30/2016,0,50
7/31/2016,0,38
8/1/2016,0,883
8/2/2016,0,678
8/3/2016,0,26
8/4/2016,0,83
8/5/2016,0,118
8/6/2016,0,8
8/7/2016,0,53
8/8/2016,0,292
8/9/2016,0,84
8/10/2016,0,69
8/11/2016,0,155
8/12/2016,0,103
8/13/2016,0,92
8/14/2016,0,2140
8/15/2016,0,58
8/16/2016,0,1445
8/17/2016,0,18
8/18/2016,0,23
8/19/2016,0,89
8/20/2016,0,59
8/21/2016,0,101
8/22/2016,0,615
8/23/2016,0,457
8/24/2016,0,657
8/25/2016,0,382
8/26/2016,0,47
8/27/2016,0,178
8/28/2016,0,91
8/29/2016,0,1128
8/30/2016,0,609
8/31/2016,0,359
9/1/2016,0,44
9/2/2016,0,73
9/3/2016,0,8
9/4/2016,0,38
9/5/2016,0,91
9/6/2016,0,598
9/7/2016,0,231
9/8/2016,0,383
9/9/2016,0,44
9/10/2016,0,1
9/11/2016,0,204
9/12/2016,0,265
9/13/2016,0,68
9/14/2016,0,56
9/15/2016,0,14
9/16/2016,0,731
9/17/2016,0,25
9/18/2016,0,37
9/19/2016,0,30
9/20/2016,0,99
9/21/2016,0,197
9/22/2016,0,154
9/23/2016,0,156
9/24/2016,0,47
9/25/2016,0,58
9/26/2016,0,478
9/27/2016,0,113
9/28/2016,0,14
9/29/2016,0,18
9/30/2016,0,61
10/1/2016,0,5
10/2/2016,0,10
10/3/2016,0,2
10/4/2016,0,96
10/5/2016,0,248
10/6/2016,0,55
10/7/2016,0,74
10/8/2016,0,3
10/9/2016,0,4
10/10/2016,0,7
10/11/2016,0,32
10/12/2016,0,9
10/13/2016,0,64
10/14/2016,0,51
10/15/2016,0,262
10/16/2016,0,7
10/17/2016,0,70
10/18/2016,0,41
10/19/2016,0,385
10/20/2016,0,121
10/21/2016,0,71
10/22/2016,0,299
10/23/2016,0,109
10/24/2016,0,89
10/25/2016,0,575
10/26/2016,0,1296
10/27/2016,0,1024
10/28/2016,0,718
10/29/2016,0,6
10/30/2016,0,28
