day,new features,edits
2015-05-26 00:00:00+05:45,0,157
2014-12-23 00:00:00+05:45,0,4
2013-02-16 00:00:00+05:45,1212,107
2012-09-04 00:00:00+05:45,806,233
2013-07-09 00:00:00+05:45,111,1195
2010-06-10 00:00:00+05:45,4,8
2009-07-06 00:00:00+05:45,52,50
2012-09-06 00:00:00+05:45,776,223
2011-05-09 00:00:00+05:45,1561,466
2014-10-15 00:00:00+05:45,217,188
2016-03-16 00:00:00+05:45,0,18
2013-09-18 00:00:00+05:45,4114,2388
2013-10-31 00:00:00+05:45,3135,1872
2011-10-15 00:00:00+05:45,0,1
2010-05-01 00:00:00+05:45,0,1
2015-05-03 00:00:00+05:45,0,160
2015-02-23 00:00:00+05:45,0,27
2016-06-12 00:00:00+05:45,0,390
2013-06-14 00:00:00+05:45,783,333
2011-04-13 00:00:00+05:45,0,1
2012-08-07 00:00:00+05:45,2029,557
2013-06-08 00:00:00+05:45,2180,2244
2009-05-02 00:00:00+05:45,51,18
2013-03-20 00:00:00+05:45,9244,609
2012-05-22 00:00:00+05:45,0,6
2014-06-07 00:00:00+05:45,3616,329
2014-09-05 00:00:00+05:45,7047,953
2015-11-12 00:00:00+05:45,0,2
2016-05-21 00:00:00+05:45,0,1
2014-02-13 00:00:00+05:45,1924,81
2012-09-05 00:00:00+05:45,934,668
2015-04-30 00:00:00+05:45,0,1025
2011-07-18 00:00:00+05:45,283,4
2016-09-06 00:00:00+05:45,0,3
2014-03-14 00:00:00+05:45,157,2088
2014-06-21 00:00:00+05:45,15,140
2013-07-12 00:00:00+05:45,66,254
2014-04-02 00:00:00+05:45,164,221
2014-10-21 00:00:00+05:45,1597,761
2014-09-09 00:00:00+05:45,13650,1606
2012-02-15 00:00:00+05:45,6,426
2013-08-09 00:00:00+05:45,1364,100
2014-01-17 00:00:00+05:45,3226,150
2016-03-09 00:00:00+05:45,0,2
2014-11-26 00:00:00+05:45,12960,2428
2014-05-05 00:00:00+05:45,4793,929
2010-01-23 00:00:00+05:45,366,1
2012-01-24 00:00:00+05:45,0,3
2014-04-20 00:00:00+05:45,1805,990
2010-08-11 00:00:00+05:45,1094,116
2014-11-21 00:00:00+05:45,731,65
2010-07-08 00:00:00+05:45,88,18
2008-10-24 00:00:00+05:45,0,5
2013-05-08 00:00:00+05:45,756,694
2013-09-30 00:00:00+05:45,10494,2816
2013-07-26 00:00:00+05:45,1586,144
2013-07-03 00:00:00+05:45,390,116
2015-05-27 00:00:00+05:45,0,61
2011-11-07 00:00:00+05:45,0,1
2010-07-04 00:00:00+05:45,1,0
2012-09-13 00:00:00+05:45,3509,124
2013-11-03 00:00:00+05:45,2826,246
2015-05-20 00:00:00+05:45,0,62
2014-06-16 00:00:00+05:45,725,58
2014-04-07 00:00:00+05:45,810,15
2011-06-25 00:00:00+05:45,74,207
2014-10-22 00:00:00+05:45,1940,342
2015-03-29 00:00:00+05:45,0,116
2016-06-02 00:00:00+05:45,0,1
2014-05-26 00:00:00+05:45,264,65
2014-06-29 00:00:00+05:45,312,1137
2008-11-22 00:00:00+05:45,11,937
2011-07-19 00:00:00+05:45,200,185
2013-07-16 00:00:00+05:45,2741,839
2014-11-08 00:00:00+05:45,10840,1232
2015-11-22 00:00:00+05:45,0,12
2010-09-26 00:00:00+05:45,0,1
2015-12-05 00:00:00+05:45,0,1
2011-06-20 00:00:00+05:45,97,4
2012-08-25 00:00:00+05:45,611,399
2010-12-04 00:00:00+05:45,0,1
2012-12-03 00:00:00+05:45,712,217
2012-12-02 00:00:00+05:45,1912,1211
2013-01-11 00:00:00+05:45,3555,274
2011-12-30 00:00:00+05:45,2,11
2013-06-10 00:00:00+05:45,1368,890
2013-11-29 00:00:00+05:45,1332,159
2015-09-11 00:00:00+05:45,0,1
2013-01-13 00:00:00+05:45,1886,385
2015-06-28 00:00:00+05:45,0,7
2009-09-24 00:00:00+05:45,0,1
2013-03-08 00:00:00+05:45,14430,576
2008-11-29 00:00:00+05:45,4,0
2010-11-18 00:00:00+05:45,32,26
2007-08-29 00:00:00+05:45,695,0
2013-08-11 00:00:00+05:45,5480,2427
2010-10-13 00:00:00+05:45,5,1
2011-08-02 00:00:00+05:45,969,482
2014-12-28 00:00:00+05:45,0,5
2014-03-08 00:00:00+05:45,1612,74
2012-01-05 00:00:00+05:45,0,36
2009-12-02 00:00:00+05:45,958,15
2015-11-07 00:00:00+05:45,0,28
2010-09-27 00:00:00+05:45,690,2
2015-01-12 00:00:00+05:45,0,5
2013-04-19 00:00:00+05:45,5314,507
2013-08-27 00:00:00+05:45,4248,460
2012-11-29 00:00:00+05:45,2021,188
2011-05-01 00:00:00+05:45,181,61
2011-01-13 00:00:00+05:45,8,2
2015-05-31 00:00:00+05:45,0,13
2014-02-03 00:00:00+05:45,1525,386
2015-07-27 00:00:00+05:45,0,4
2010-11-28 00:00:00+05:45,7,5
2008-11-23 00:00:00+05:45,21,328
2015-10-13 00:00:00+05:45,0,3
2014-05-02 00:00:00+05:45,484,1033
2014-10-03 00:00:00+05:45,0,3
2016-05-20 00:00:00+05:45,0,8
2014-07-02 00:00:00+05:45,2311,90
2013-11-10 00:00:00+05:45,3349,2538
2007-09-03 00:00:00+05:45,236,0
2015-06-21 00:00:00+05:45,0,2
2014-10-30 00:00:00+05:45,3816,784
2013-04-02 00:00:00+05:45,1755,348
2012-05-02 00:00:00+05:45,0,1
2012-12-18 00:00:00+05:45,712,550
2013-03-03 00:00:00+05:45,9695,1619
2009-11-18 00:00:00+05:45,2,11
2013-09-10 00:00:00+05:45,3440,1199
2012-08-31 00:00:00+05:45,873,35
2013-04-08 00:00:00+05:45,5701,865
2009-11-15 00:00:00+05:45,619,273
2014-04-27 00:00:00+05:45,1384,1110
2010-07-18 00:00:00+05:45,0,1
2013-01-03 00:00:00+05:45,406,142
2013-12-14 00:00:00+05:45,40,18
2011-10-26 00:00:00+05:45,494,957
2008-06-04 00:00:00+05:45,1888,138
2015-05-22 00:00:00+05:45,0,61
2008-12-09 00:00:00+05:45,463,46
2014-10-12 00:00:00+05:45,297,17
2013-11-24 00:00:00+05:45,626,374
2015-05-09 00:00:00+05:45,0,140
2014-12-09 00:00:00+05:45,409,143
2015-06-11 00:00:00+05:45,0,21
2011-08-17 00:00:00+05:45,6,17
2016-05-03 00:00:00+05:45,0,8
2016-05-31 00:00:00+05:45,0,3
2015-04-20 00:00:00+05:45,0,181
2011-08-03 00:00:00+05:45,528,11
2013-12-26 00:00:00+05:45,186,25
2013-11-08 00:00:00+05:45,25134,2344
2015-10-26 00:00:00+05:45,0,3
2010-07-31 00:00:00+05:45,0,16
2009-11-05 00:00:00+05:45,314,12
2013-12-10 00:00:00+05:45,6,3
2013-01-25 00:00:00+05:45,919,541
2009-09-08 00:00:00+05:45,0,1
2014-04-28 00:00:00+05:45,10249,509
2012-08-03 00:00:00+05:45,65,95
2012-09-15 00:00:00+05:45,1509,112
2012-09-12 00:00:00+05:45,669,904
2008-04-19 00:00:00+05:45,229,213
2011-04-19 00:00:00+05:45,0,1
2014-07-04 00:00:00+05:45,1717,229
2011-07-09 00:00:00+05:45,0,3
2016-09-25 00:00:00+05:45,0,1
2011-12-27 00:00:00+05:45,97,8
2013-02-20 00:00:00+05:45,2368,61
2008-09-29 00:00:00+05:45,1,0
2011-12-21 00:00:00+05:45,2,0
2014-10-08 00:00:00+05:45,5026,315
2016-05-27 00:00:00+05:45,0,2
2016-05-30 00:00:00+05:45,0,5
2012-11-30 00:00:00+05:45,1620,379
2015-01-26 00:00:00+05:45,0,2
2015-07-08 00:00:00+05:45,0,23
2013-11-28 00:00:00+05:45,432,166
2012-01-09 00:00:00+05:45,145,189
2008-09-07 00:00:00+05:45,0,45
2015-04-27 00:00:00+05:45,0,736
2012-02-22 00:00:00+05:45,0,4
2009-02-10 00:00:00+05:45,309,3810
2008-12-05 00:00:00+05:45,0,4673
2010-01-07 00:00:00+05:45,302,1
2016-08-26 00:00:00+05:45,0,2
2008-03-21 00:00:00+05:45,64,18
2014-12-01 00:00:00+05:45,3165,701
2009-03-28 00:00:00+05:45,0,1
2012-01-08 00:00:00+05:45,15,180
2013-07-02 00:00:00+05:45,164,306
2016-05-14 00:00:00+05:45,0,14
2014-09-13 00:00:00+05:45,5927,674
2016-06-27 00:00:00+05:45,0,3
2010-06-08 00:00:00+05:45,7034,1305
2010-09-12 00:00:00+05:45,1725,1729
2015-02-14 00:00:00+05:45,0,59
2013-10-19 00:00:00+05:45,1,343
2012-11-14 00:00:00+05:45,457,69
2011-03-10 00:00:00+05:45,3,3
2015-04-25 00:00:00+05:45,0,735
2011-11-06 00:00:00+05:45,1511,354
2011-08-20 00:00:00+05:45,40,89
2013-10-24 00:00:00+05:45,3391,396
2014-03-06 00:00:00+05:45,174,52
2014-04-18 00:00:00+05:45,418,282
2015-05-18 00:00:00+05:45,0,101
2008-06-06 00:00:00+05:45,1274,17
2010-04-15 00:00:00+05:45,1,4
2016-06-29 00:00:00+05:45,0,58
2011-12-16 00:00:00+05:45,69,8
2009-12-30 00:00:00+05:45,1305,12
2010-06-23 00:00:00+05:45,0,1
2011-06-16 00:00:00+05:45,9,7
2015-06-16 00:00:00+05:45,0,9
2014-03-28 00:00:00+05:45,23,91
2010-11-08 00:00:00+05:45,24,90
2011-12-14 00:00:00+05:45,823,9
2013-06-01 00:00:00+05:45,2357,423
2016-02-16 00:00:00+05:45,0,1
2013-07-31 00:00:00+05:45,1369,344
2016-03-21 00:00:00+05:45,0,8
2015-06-03 00:00:00+05:45,0,94
2014-06-10 00:00:00+05:45,1792,107
2010-10-04 00:00:00+05:45,0,1
2013-03-18 00:00:00+05:45,12911,451
2015-10-25 00:00:00+05:45,0,39
2011-03-23 00:00:00+05:45,0,1
2010-07-27 00:00:00+05:45,1,19
2015-01-15 00:00:00+05:45,0,6
2010-01-29 00:00:00+05:45,0,1
2014-07-28 00:00:00+05:45,572,49
2009-12-31 00:00:00+05:45,1615,6
2014-07-06 00:00:00+05:45,1607,263
2008-09-09 00:00:00+05:45,2800,79
2016-08-25 00:00:00+05:45,0,23
2015-05-10 00:00:00+05:45,0,51
2014-02-28 00:00:00+05:45,1011,28
2013-07-04 00:00:00+05:45,2138,984
2014-05-21 00:00:00+05:45,208,459
2012-07-08 00:00:00+05:45,1267,438
2009-09-10 00:00:00+05:45,0,2
2012-08-21 00:00:00+05:45,2734,309
2009-02-04 00:00:00+05:45,79,1
2009-02-28 00:00:00+05:45,120,36
2016-02-19 00:00:00+05:45,0,2
2009-04-13 00:00:00+05:45,0,7
2008-05-31 00:00:00+05:45,3152,53
2015-08-04 00:00:00+05:45,0,18
2012-11-27 00:00:00+05:45,1301,209
2009-08-13 00:00:00+05:45,0,5
2011-05-02 00:00:00+05:45,581,488
2009-10-29 00:00:00+05:45,0,3
2012-07-19 00:00:00+05:45,338,640
2011-10-09 00:00:00+05:45,382,135
2009-02-24 00:00:00+05:45,0,27
2014-11-03 00:00:00+05:45,1485,613
2016-04-28 00:00:00+05:45,0,27
2015-05-17 00:00:00+05:45,0,108
2014-06-27 00:00:00+05:45,375,34
2016-05-17 00:00:00+05:45,0,4
2011-06-14 00:00:00+05:45,129,8
2014-05-17 00:00:00+05:45,8926,1385
2012-09-19 00:00:00+05:45,2299,414
2013-04-23 00:00:00+05:45,3645,290
2010-05-07 00:00:00+05:45,152,135
2014-04-01 00:00:00+05:45,60,354
2011-10-21 00:00:00+05:45,0,1
2015-02-28 00:00:00+05:45,0,299
2013-04-11 00:00:00+05:45,6173,523
2012-10-27 00:00:00+05:45,155,32
2014-02-04 00:00:00+05:45,730,8
2014-12-14 00:00:00+05:45,3559,1117
2011-12-15 00:00:00+05:45,241,118
2009-11-23 00:00:00+05:45,31,2
2013-06-19 00:00:00+05:45,22169,2478
2013-08-17 00:00:00+05:45,2584,579
2010-02-07 00:00:00+05:45,1178,2133
2011-11-19 00:00:00+05:45,28,136
2014-11-01 00:00:00+05:45,6,3
2013-02-26 00:00:00+05:45,8754,620
2011-09-06 00:00:00+05:45,0,14
2012-06-26 00:00:00+05:45,725,994
2011-02-10 00:00:00+05:45,55,85
2013-01-27 00:00:00+05:45,1288,481
2011-10-30 00:00:00+05:45,982,13
2013-11-06 00:00:00+05:45,8047,2933
2014-09-06 00:00:00+05:45,4918,103
2016-06-06 00:00:00+05:45,0,134
2014-11-18 00:00:00+05:45,302,198
2012-03-17 00:00:00+05:45,308,5
2014-07-24 00:00:00+05:45,972,581
2015-03-10 00:00:00+05:45,0,14
2013-04-21 00:00:00+05:45,3950,448
2016-07-27 00:00:00+05:45,0,101
2012-05-13 00:00:00+05:45,112,322
2016-08-02 00:00:00+05:45,0,3
2015-09-05 00:00:00+05:45,0,13
2009-08-30 00:00:00+05:45,0,1
2015-08-17 00:00:00+05:45,0,22
2013-05-07 00:00:00+05:45,3070,803
2010-04-05 00:00:00+05:45,226,0
2014-12-12 00:00:00+05:45,619,9
2013-10-02 00:00:00+05:45,10327,2549
2009-03-27 00:00:00+05:45,0,1
2014-08-06 00:00:00+05:45,243,556
2012-06-18 00:00:00+05:45,24,4
2013-01-16 00:00:00+05:45,1002,483
2014-03-07 00:00:00+05:45,478,420
2010-10-18 00:00:00+05:45,47,0
2011-09-16 00:00:00+05:45,25,1
2011-01-02 00:00:00+05:45,1241,114
2009-07-15 00:00:00+05:45,80,22
2012-12-06 00:00:00+05:45,1442,679
2016-08-23 00:00:00+05:45,0,3
2010-05-06 00:00:00+05:45,45,76
2011-12-31 00:00:00+05:45,0,3
2016-05-10 00:00:00+05:45,0,35
2014-05-25 00:00:00+05:45,13,2
2012-08-30 00:00:00+05:45,800,796
2015-03-16 00:00:00+05:45,0,1
2011-10-08 00:00:00+05:45,3,0
2014-04-25 00:00:00+05:45,92,117
2013-09-20 00:00:00+05:45,693,439
2011-12-05 00:00:00+05:45,0,1
2013-04-27 00:00:00+05:45,3754,309
2008-08-21 00:00:00+05:45,5,13
2014-10-07 00:00:00+05:45,713,31
2014-02-25 00:00:00+05:45,2195,364
2011-12-12 00:00:00+05:45,0,10
2012-10-07 00:00:00+05:45,1881,1080
2011-08-26 00:00:00+05:45,52,16
2013-08-25 00:00:00+05:45,7497,428
2013-10-23 00:00:00+05:45,361,431
2008-12-22 00:00:00+05:45,0,5
2012-03-03 00:00:00+05:45,1026,244
2014-03-05 00:00:00+05:45,23688,571
2009-08-28 00:00:00+05:45,0,1
2009-01-22 00:00:00+05:45,223,163
2011-06-21 00:00:00+05:45,562,130
2012-10-11 00:00:00+05:45,2636,1300
2014-06-20 00:00:00+05:45,2086,277
2014-12-10 00:00:00+05:45,2,15
2011-09-26 00:00:00+05:45,893,60
2014-04-26 00:00:00+05:45,573,31
2014-09-24 00:00:00+05:45,1482,148
2009-11-04 00:00:00+05:45,702,82
2010-06-28 00:00:00+05:45,0,1
2014-08-15 00:00:00+05:45,10011,882
2014-04-14 00:00:00+05:45,374,104
2013-02-13 00:00:00+05:45,505,203
2014-05-08 00:00:00+05:45,45,214
2009-08-29 00:00:00+05:45,0,1
2014-02-23 00:00:00+05:45,1351,171
2015-11-15 00:00:00+05:45,0,10
2013-10-15 00:00:00+05:45,1021,153
2015-03-05 00:00:00+05:45,0,9
2008-06-03 00:00:00+05:45,1059,6
2012-11-12 00:00:00+05:45,779,234
2015-08-24 00:00:00+05:45,0,2
2014-03-12 00:00:00+05:45,888,173
2015-11-28 00:00:00+05:45,0,12
2014-10-16 00:00:00+05:45,27,48
2014-01-22 00:00:00+05:45,4353,555
2013-03-23 00:00:00+05:45,1867,259
2012-03-22 00:00:00+05:45,88,54
2014-11-29 00:00:00+05:45,2914,165
2008-12-01 00:00:00+05:45,0,3
2011-04-30 00:00:00+05:45,1,8
2016-07-20 00:00:00+05:45,0,5
2012-07-14 00:00:00+05:45,125,31
2013-09-19 00:00:00+05:45,5629,1149
2013-05-04 00:00:00+05:45,2708,1600
2008-03-26 00:00:00+05:45,2,5
2012-11-16 00:00:00+05:45,2478,183
2012-04-26 00:00:00+05:45,48,36
2012-10-28 00:00:00+05:45,96,19
2012-01-03 00:00:00+05:45,0,3
2013-06-02 00:00:00+05:45,620,504
2010-10-01 00:00:00+05:45,83,4
2014-12-11 00:00:00+05:45,3370,494
2015-05-08 00:00:00+05:45,0,249
2015-03-15 00:00:00+05:45,0,2
2013-04-04 00:00:00+05:45,1817,325
2009-03-16 00:00:00+05:45,17,93
2013-10-26 00:00:00+05:45,7164,4235
2016-06-05 00:00:00+05:45,0,2
2013-07-13 00:00:00+05:45,0,1
2014-02-08 00:00:00+05:45,895,133
2013-01-23 00:00:00+05:45,52,36
2013-08-23 00:00:00+05:45,7763,656
2013-04-29 00:00:00+05:45,1363,494
2011-06-09 00:00:00+05:45,541,19
2009-08-16 00:00:00+05:45,0,2
2012-12-25 00:00:00+05:45,1304,47
2009-03-18 00:00:00+05:45,12,84
2014-08-05 00:00:00+05:45,268,235
2014-02-11 00:00:00+05:45,234,26
2016-10-10 00:00:00+05:45,0,1
2016-09-16 00:00:00+05:45,0,1
2013-04-09 00:00:00+05:45,10138,748
2012-05-23 00:00:00+05:45,26,6
2016-04-20 00:00:00+05:45,0,14
2011-08-04 00:00:00+05:45,106,0
2016-07-05 00:00:00+05:45,0,1
2011-03-18 00:00:00+05:45,0,2
2014-10-24 00:00:00+05:45,1310,19
2016-05-29 00:00:00+05:45,0,1
2013-08-20 00:00:00+05:45,9787,1761
2013-06-24 00:00:00+05:45,452,668
2012-11-23 00:00:00+05:45,1350,100
2014-01-13 00:00:00+05:45,41,122
2011-03-08 00:00:00+05:45,3,6
2013-02-01 00:00:00+05:45,4512,238
2014-10-10 00:00:00+05:45,5914,849
2011-05-10 00:00:00+05:45,695,902
2014-09-08 00:00:00+05:45,9987,1766
2012-07-06 00:00:00+05:45,2,9
2012-03-31 00:00:00+05:45,53,51
2013-07-01 00:00:00+05:45,384,1134
2012-04-19 00:00:00+05:45,0,1
2015-03-13 00:00:00+05:45,0,164
2012-05-18 00:00:00+05:45,165,13
2014-11-15 00:00:00+05:45,646,3626
2013-08-07 00:00:00+05:45,3648,488
2011-05-20 00:00:00+05:45,350,195
2014-01-04 00:00:00+05:45,90,46
2015-10-17 00:00:00+05:45,0,27
2014-03-31 00:00:00+05:45,2978,310
2014-08-14 00:00:00+05:45,4294,486
2012-12-05 00:00:00+05:45,1246,738
2010-03-10 00:00:00+05:45,0,2
2016-06-30 00:00:00+05:45,0,137
2008-11-09 00:00:00+05:45,2592,24
2012-11-03 00:00:00+05:45,217,221
2014-09-29 00:00:00+05:45,3598,1527
2016-06-10 00:00:00+05:45,0,2
2014-01-16 00:00:00+05:45,11647,443
2014-06-25 00:00:00+05:45,1779,113
2014-04-10 00:00:00+05:45,869,28
2014-07-23 00:00:00+05:45,98,12
2013-02-15 00:00:00+05:45,2258,355
2011-08-12 00:00:00+05:45,4247,129
2010-05-04 00:00:00+05:45,0,5
2009-11-11 00:00:00+05:45,2,3
2010-06-19 00:00:00+05:45,2,0
2011-10-02 00:00:00+05:45,0,1
2015-01-17 00:00:00+05:45,0,4
2010-09-19 00:00:00+05:45,0,3
2008-10-23 00:00:00+05:45,1,1
2009-08-15 00:00:00+05:45,0,2
2013-07-10 00:00:00+05:45,278,417
2013-02-27 00:00:00+05:45,6122,950
2012-08-04 00:00:00+05:45,25,3
2008-12-13 00:00:00+05:45,0,30
2012-02-03 00:00:00+05:45,5,164
2009-06-06 00:00:00+05:45,3,4
2015-04-21 00:00:00+05:45,0,2
2016-02-23 00:00:00+05:45,0,1
2015-03-27 00:00:00+05:45,0,567
2012-06-30 00:00:00+05:45,350,104
2010-06-05 00:00:00+05:45,3347,1861
2014-05-19 00:00:00+05:45,1947,364
2016-08-08 00:00:00+05:45,0,1
2010-03-27 00:00:00+05:45,6,2
2012-11-10 00:00:00+05:45,631,248
2012-09-11 00:00:00+05:45,3497,2035
2012-05-04 00:00:00+05:45,0,1
2013-09-08 00:00:00+05:45,1088,575
2016-05-05 00:00:00+05:45,0,1
2014-06-08 00:00:00+05:45,9233,232
2012-03-10 00:00:00+05:45,0,1
2013-03-04 00:00:00+05:45,12360,922
2014-12-04 00:00:00+05:45,200,145
2010-04-23 00:00:00+05:45,1787,103
2012-03-13 00:00:00+05:45,0,2
2009-11-16 00:00:00+05:45,3,3
2011-01-10 00:00:00+05:45,3,15
2013-08-24 00:00:00+05:45,3580,174
2011-08-10 00:00:00+05:45,79,10
2016-06-15 00:00:00+05:45,0,2
2012-08-02 00:00:00+05:45,59,101
2013-03-05 00:00:00+05:45,9809,518
2009-02-02 00:00:00+05:45,0,2
2012-10-04 00:00:00+05:45,1120,883
2011-03-01 00:00:00+05:45,128,20
2016-06-21 00:00:00+05:45,0,4
2013-12-27 00:00:00+05:45,926,159
2014-01-27 00:00:00+05:45,1351,233
2014-07-22 00:00:00+05:45,137,33
2009-02-22 00:00:00+05:45,0,2
2011-09-20 00:00:00+05:45,1141,44241
2011-11-02 00:00:00+05:45,389,442
2009-03-30 00:00:00+05:45,0,7
2010-12-05 00:00:00+05:45,0,1
2012-02-29 00:00:00+05:45,1,8
2012-02-02 00:00:00+05:45,818,40
2015-04-28 00:00:00+05:45,0,786
2013-02-14 00:00:00+05:45,1347,426
2013-05-12 00:00:00+05:45,556,518
2014-09-23 00:00:00+05:45,6054,213
2016-02-09 00:00:00+05:45,0,104
2008-07-13 00:00:00+05:45,547,22
2014-02-16 00:00:00+05:45,11,17
2016-08-21 00:00:00+05:45,0,5
2013-09-16 00:00:00+05:45,3908,3835
2013-05-18 00:00:00+05:45,7087,542
2016-05-22 00:00:00+05:45,0,1
2009-08-19 00:00:00+05:45,0,1
2014-05-28 00:00:00+05:45,4102,1396
2009-10-11 00:00:00+05:45,0,1
2013-11-16 00:00:00+05:45,0,2
2014-04-30 00:00:00+05:45,544,50
2012-12-24 00:00:00+05:45,2405,577
2012-03-18 00:00:00+05:45,1318,307
2012-09-08 00:00:00+05:45,2087,783
2016-09-29 00:00:00+05:45,0,6
2012-06-09 00:00:00+05:45,1670,757
2014-07-13 00:00:00+05:45,258,399
2014-11-30 00:00:00+05:45,5265,330
2015-07-12 00:00:00+05:45,0,2
2010-07-14 00:00:00+05:45,279,1
2014-10-11 00:00:00+05:45,4413,594
2015-08-31 00:00:00+05:45,0,2
2010-11-01 00:00:00+05:45,3598,26
2009-03-03 00:00:00+05:45,0,80
2009-10-28 00:00:00+05:45,1,8
2012-10-13 00:00:00+05:45,341,185
2012-02-21 00:00:00+05:45,17,2
2010-03-29 00:00:00+05:45,65,22
2009-09-12 00:00:00+05:45,0,1
2016-01-01 00:00:00+05:45,0,7
2014-07-29 00:00:00+05:45,3239,51
2010-11-06 00:00:00+05:45,93,27
2014-05-29 00:00:00+05:45,572,28
2009-06-24 00:00:00+05:45,554,10
2015-04-02 00:00:00+05:45,0,2
2012-06-27 00:00:00+05:45,323,1515
2016-03-29 00:00:00+05:45,0,1
2010-03-19 00:00:00+05:45,809,547
2007-03-18 00:00:00+05:45,1,0
2011-02-06 00:00:00+05:45,114,36
2016-10-19 00:00:00+05:45,0,1
2015-03-18 00:00:00+05:45,0,7
2015-07-02 00:00:00+05:45,0,24
2013-01-06 00:00:00+05:45,585,194
2011-11-11 00:00:00+05:45,1167,746
2014-06-17 00:00:00+05:45,289,835
2012-11-20 00:00:00+05:45,651,335
2010-09-11 00:00:00+05:45,0,1
2014-01-28 00:00:00+05:45,1803,200
2013-05-26 00:00:00+05:45,1218,514
2011-11-22 00:00:00+05:45,4279,96
2012-11-05 00:00:00+05:45,1493,156
2012-07-05 00:00:00+05:45,1,20
2010-06-04 00:00:00+05:45,82,67
2012-08-11 00:00:00+05:45,334,91
2011-09-14 00:00:00+05:45,0,1
2010-01-19 00:00:00+05:45,130,4
2014-02-09 00:00:00+05:45,1294,104
2012-09-28 00:00:00+05:45,523,665
2014-06-09 00:00:00+05:45,1821,230
2011-08-08 00:00:00+05:45,3300,213
2015-04-29 00:00:00+05:45,0,1152
2016-08-06 00:00:00+05:45,0,1
2012-11-21 00:00:00+05:45,914,148
2009-03-17 00:00:00+05:45,294,627
2008-11-25 00:00:00+05:45,6,2
2012-05-14 00:00:00+05:45,246,79
2013-03-19 00:00:00+05:45,8524,490
2013-12-12 00:00:00+05:45,344,71
2015-09-04 00:00:00+05:45,0,4
2011-08-25 00:00:00+05:45,180,93
2014-09-20 00:00:00+05:45,6317,166
2010-02-08 00:00:00+05:45,0,1
2012-09-30 00:00:00+05:45,235,403
2009-04-12 00:00:00+05:45,0,1
2013-12-30 00:00:00+05:45,59,123
2010-04-10 00:00:00+05:45,850,3
2013-02-08 00:00:00+05:45,1943,103
2014-07-18 00:00:00+05:45,3677,85
2014-04-15 00:00:00+05:45,13,13
2016-02-26 00:00:00+05:45,0,35
2012-11-06 00:00:00+05:45,2424,213
2013-01-02 00:00:00+05:45,828,99
2011-05-16 00:00:00+05:45,0,2
2015-06-17 00:00:00+05:45,0,183
2010-02-09 00:00:00+05:45,0,8
2015-11-18 00:00:00+05:45,0,3
2014-12-20 00:00:00+05:45,1847,158
2015-06-14 00:00:00+05:45,0,11
2013-05-13 00:00:00+05:45,2052,1200
2014-06-12 00:00:00+05:45,98,68
2012-11-19 00:00:00+05:45,1304,1295
2008-02-08 00:00:00+05:45,53,0
2013-02-23 00:00:00+05:45,36560,2367
2013-03-09 00:00:00+05:45,5527,182
2012-07-23 00:00:00+05:45,6077,217
2010-01-09 00:00:00+05:45,0,21
2014-04-04 00:00:00+05:45,1813,429
2012-07-25 00:00:00+05:45,189,203
2011-04-18 00:00:00+05:45,781,79
2014-12-22 00:00:00+05:45,98,34
2012-06-08 00:00:00+05:45,1,377
2009-11-20 00:00:00+05:45,577,30
2009-09-29 00:00:00+05:45,0,1
2016-07-18 00:00:00+05:45,0,5
2014-08-19 00:00:00+05:45,1719,194
2016-01-03 00:00:00+05:45,0,4
2012-10-01 00:00:00+05:45,1181,358
2012-05-29 00:00:00+05:45,86,10
2012-12-19 00:00:00+05:45,5259,527
2011-07-02 00:00:00+05:45,46,137
2014-05-22 00:00:00+05:45,75,686
2010-05-17 00:00:00+05:45,260,45
2016-08-19 00:00:00+05:45,0,3
2010-01-05 00:00:00+05:45,879,5
2010-11-17 00:00:00+05:45,161,115
2010-07-30 00:00:00+05:45,0,2
2007-11-29 00:00:00+05:45,1,1
2012-10-08 00:00:00+05:45,563,1239
2014-09-25 00:00:00+05:45,3982,214
2016-09-30 00:00:00+05:45,0,1
2015-11-14 00:00:00+05:45,0,8
2011-06-01 00:00:00+05:45,0,1
2013-05-31 00:00:00+05:45,1879,445
2010-11-19 00:00:00+05:45,34,17
2014-09-28 00:00:00+05:45,4637,91
2013-10-16 00:00:00+05:45,655,210
2016-02-08 00:00:00+05:45,0,2
2012-06-01 00:00:00+05:45,469,26
2015-05-16 00:00:00+05:45,0,115
2012-10-23 00:00:00+05:45,404,140
2015-02-10 00:00:00+05:45,0,4
2013-10-29 00:00:00+05:45,3243,196
2016-05-28 00:00:00+05:45,0,11
2016-04-14 00:00:00+05:45,0,1
2008-06-10 00:00:00+05:45,0,12
2014-12-06 00:00:00+05:45,2107,517
2014-02-01 00:00:00+05:45,982,25
2013-06-16 00:00:00+05:45,37,4
2013-03-12 00:00:00+05:45,21437,856
2011-12-09 00:00:00+05:45,560,45
2012-10-25 00:00:00+05:45,715,63
2011-05-04 00:00:00+05:45,0,1
2013-01-26 00:00:00+05:45,390,88
2011-11-13 00:00:00+05:45,575,57
2015-02-21 00:00:00+05:45,0,33
2009-04-28 00:00:00+05:45,0,1
2013-02-10 00:00:00+05:45,3758,756
2014-05-13 00:00:00+05:45,99,159
2012-12-10 00:00:00+05:45,758,142
2013-01-28 00:00:00+05:45,431,64
2013-05-25 00:00:00+05:45,2282,427
2009-07-02 00:00:00+05:45,8,42
2014-12-19 00:00:00+05:45,4001,1032
2016-06-22 00:00:00+05:45,0,1
2008-07-20 00:00:00+05:45,0,1
2013-03-02 00:00:00+05:45,3207,194
2013-08-21 00:00:00+05:45,4126,70
2014-10-19 00:00:00+05:45,538,57
2008-07-27 00:00:00+05:45,3,1
2014-10-17 00:00:00+05:45,2797,158
2013-03-27 00:00:00+05:45,7728,532
2015-04-03 00:00:00+05:45,0,3
2013-05-06 00:00:00+05:45,1933,672
2016-08-14 00:00:00+05:45,0,1
2013-08-08 00:00:00+05:45,2149,994
2009-11-10 00:00:00+05:45,51,10
2011-10-24 00:00:00+05:45,0,32
2013-04-05 00:00:00+05:45,2881,305
2009-11-25 00:00:00+05:45,19,10
2010-11-14 00:00:00+05:45,311,105
2013-10-03 00:00:00+05:45,8463,1210
2014-12-15 00:00:00+05:45,5812,243
2012-04-11 00:00:00+05:45,0,1
2013-09-25 00:00:00+05:45,443,532
2014-11-06 00:00:00+05:45,2742,82
2013-09-14 00:00:00+05:45,858,175
2011-01-29 00:00:00+05:45,0,2
2015-12-16 00:00:00+05:45,0,17
2014-02-06 00:00:00+05:45,681,108
2010-05-10 00:00:00+05:45,229,21
2014-05-24 00:00:00+05:45,808,11
2011-06-18 00:00:00+05:45,1009,646
2015-02-27 00:00:00+05:45,0,12
2012-12-27 00:00:00+05:45,334,272
2016-03-05 00:00:00+05:45,0,3
2011-07-15 00:00:00+05:45,33,19
2013-08-19 00:00:00+05:45,8717,265
2012-11-11 00:00:00+05:45,139,16
2016-04-01 00:00:00+05:45,0,4
2011-01-07 00:00:00+05:45,1,0
2015-03-09 00:00:00+05:45,0,1
2015-11-19 00:00:00+05:45,0,109
2012-01-18 00:00:00+05:45,235,51
2015-12-08 00:00:00+05:45,0,50
2014-11-17 00:00:00+05:45,1735,343
2011-02-28 00:00:00+05:45,57,3
2012-12-28 00:00:00+05:45,928,175
2012-07-24 00:00:00+05:45,3447,108
2016-04-12 00:00:00+05:45,0,1
2009-07-19 00:00:00+05:45,1,0
2012-06-12 00:00:00+05:45,15,35
2014-04-16 00:00:00+05:45,955,35
2015-11-25 00:00:00+05:45,0,1
2011-02-21 00:00:00+05:45,0,3
2014-01-07 00:00:00+05:45,47,30
2013-07-14 00:00:00+05:45,0,7
2012-04-29 00:00:00+05:45,0,1
2008-09-04 00:00:00+05:45,1427,317
2013-01-01 00:00:00+05:45,1106,707
2016-05-04 00:00:00+05:45,0,4
2009-12-04 00:00:00+05:45,0,4
2010-09-15 00:00:00+05:45,443,63
2011-11-10 00:00:00+05:45,1864,661
2013-06-20 00:00:00+05:45,15259,2991
2012-09-27 00:00:00+05:45,665,273
2010-06-07 00:00:00+05:45,33,33
2012-10-02 00:00:00+05:45,195,229
2014-11-25 00:00:00+05:45,9496,1124
2011-05-17 00:00:00+05:45,45,40
2016-05-24 00:00:00+05:45,0,145
2010-03-16 00:00:00+05:45,0,102
2010-06-29 00:00:00+05:45,0,1
2010-08-28 00:00:00+05:45,188,27
2010-08-25 00:00:00+05:45,0,1
2012-09-22 00:00:00+05:45,1380,604
2012-04-22 00:00:00+05:45,3,0
2012-08-15 00:00:00+05:45,335,128
2013-07-23 00:00:00+05:45,2958,189
2010-10-12 00:00:00+05:45,128,127
2013-10-13 00:00:00+05:45,2612,411
2009-11-27 00:00:00+05:45,0,1
2016-08-24 00:00:00+05:45,0,6
2015-04-13 00:00:00+05:45,0,4
2013-07-05 00:00:00+05:45,122,7265
2016-04-02 00:00:00+05:45,0,15
2011-12-18 00:00:00+05:45,55,3
2012-03-23 00:00:00+05:45,23,11
2007-08-28 00:00:00+05:45,963,0
2015-06-26 00:00:00+05:45,0,29
2009-06-18 00:00:00+05:45,0,1
2015-12-28 00:00:00+05:45,0,1
2008-03-22 00:00:00+05:45,114,19
2011-12-13 00:00:00+05:45,0,9
2014-08-30 00:00:00+05:45,5887,514
2012-06-10 00:00:00+05:45,931,1446
2013-10-28 00:00:00+05:45,906,1665
2012-06-04 00:00:00+05:45,178,340
2015-05-25 00:00:00+05:45,0,175
2016-04-03 00:00:00+05:45,0,6
2011-09-25 00:00:00+05:45,707,17
2016-09-18 00:00:00+05:45,0,1
2012-12-01 00:00:00+05:45,22,185
2012-10-19 00:00:00+05:45,95,37
2008-06-01 00:00:00+05:45,1452,17
2014-04-24 00:00:00+05:45,1019,891
2010-10-14 00:00:00+05:45,28,25
2014-12-18 00:00:00+05:45,708,368
2013-01-30 00:00:00+05:45,6411,207
2014-09-02 00:00:00+05:45,2131,424
2014-03-25 00:00:00+05:45,3347,554
2015-07-01 00:00:00+05:45,0,305
2011-09-30 00:00:00+05:45,310,292
2011-04-07 00:00:00+05:45,0,31
2012-01-22 00:00:00+05:45,46,6
2014-08-08 00:00:00+05:45,1623,44
2014-11-24 00:00:00+05:45,10996,1219
2010-08-13 00:00:00+05:45,33,89
2014-10-25 00:00:00+05:45,1090,24
2014-06-22 00:00:00+05:45,1451,402
2012-02-19 00:00:00+05:45,11,4
2009-09-21 00:00:00+05:45,1,9
2010-04-28 00:00:00+05:45,2,1
2016-01-08 00:00:00+05:45,0,25
2012-08-28 00:00:00+05:45,413,179
2012-10-17 00:00:00+05:45,1480,1580
2013-06-22 00:00:00+05:45,364,336
2016-08-22 00:00:00+05:45,0,2
2015-01-13 00:00:00+05:45,0,1
2013-08-12 00:00:00+05:45,759,939
2013-03-13 00:00:00+05:45,10474,661
2014-01-12 00:00:00+05:45,61,66
2012-02-06 00:00:00+05:45,0,25
2013-11-15 00:00:00+05:45,119,121
2015-05-13 00:00:00+05:45,0,48
2016-10-02 00:00:00+05:45,0,1
2008-09-26 00:00:00+05:45,3,0
2011-06-10 00:00:00+05:45,0,5
2016-03-20 00:00:00+05:45,0,177
2014-03-04 00:00:00+05:45,1151,51
2015-01-28 00:00:00+05:45,0,10
2011-01-24 00:00:00+05:45,28,2
2015-02-24 00:00:00+05:45,0,135
2011-06-23 00:00:00+05:45,36,18
2012-10-24 00:00:00+05:45,1029,88
2014-12-05 00:00:00+05:45,1335,388
2015-07-17 00:00:00+05:45,0,2
2014-08-23 00:00:00+05:45,5285,152
2009-12-05 00:00:00+05:45,1594,1
2014-07-09 00:00:00+05:45,567,900
2016-07-22 00:00:00+05:45,0,42
2015-04-11 00:00:00+05:45,0,54
2010-03-20 00:00:00+05:45,299,36
2013-10-12 00:00:00+05:45,379,62
2011-06-08 00:00:00+05:45,0,5
2012-08-29 00:00:00+05:45,1396,1119
2011-06-12 00:00:00+05:45,359,154
2009-04-08 00:00:00+05:45,172,554
2011-02-09 00:00:00+05:45,164,7
2012-05-01 00:00:00+05:45,19,0
2016-02-20 00:00:00+05:45,0,7
2014-08-13 00:00:00+05:45,2193,456
2013-04-14 00:00:00+05:45,0,13
2014-11-28 00:00:00+05:45,11918,3066
2014-02-24 00:00:00+05:45,456,175
2009-10-24 00:00:00+05:45,0,5
2015-10-08 00:00:00+05:45,0,1
2014-04-06 00:00:00+05:45,420,282
2012-06-06 00:00:00+05:45,0,78
2010-12-16 00:00:00+05:45,16,12
2015-04-22 00:00:00+05:45,0,163
2015-04-12 00:00:00+05:45,0,2
2014-05-03 00:00:00+05:45,171,321
2011-07-07 00:00:00+05:45,313,52
2014-07-01 00:00:00+05:45,803,177
2011-04-17 00:00:00+05:45,321,62
2009-02-26 00:00:00+05:45,94,24
2014-03-23 00:00:00+05:45,2513,166
2011-03-04 00:00:00+05:45,7,2
2010-03-22 00:00:00+05:45,614,20
2015-01-01 00:00:00+05:45,0,5
2016-09-11 00:00:00+05:45,0,4
2014-07-26 00:00:00+05:45,2028,195
2014-04-08 00:00:00+05:45,344,10
2013-06-11 00:00:00+05:45,1416,448
2013-09-29 00:00:00+05:45,2271,974
2014-07-27 00:00:00+05:45,631,170
2014-03-20 00:00:00+05:45,982,371
2014-08-25 00:00:00+05:45,742,203
2011-08-30 00:00:00+05:45,29,14
2008-11-21 00:00:00+05:45,6,37
2015-03-06 00:00:00+05:45,0,8
2013-11-04 00:00:00+05:45,997,478
2010-08-22 00:00:00+05:45,3,4
2010-06-25 00:00:00+05:45,4,8
2013-05-02 00:00:00+05:45,3556,389
2012-09-14 00:00:00+05:45,3368,136
2011-11-30 00:00:00+05:45,646,245
2012-02-14 00:00:00+05:45,32,30
2015-06-25 00:00:00+05:45,0,42
2011-04-27 00:00:00+05:45,2,15
2012-04-23 00:00:00+05:45,1,4
2010-05-31 00:00:00+05:45,11,0
2015-12-09 00:00:00+05:45,0,22
2014-07-19 00:00:00+05:45,1233,41
2010-02-01 00:00:00+05:45,0,1
2012-03-01 00:00:00+05:45,81,23
2011-01-28 00:00:00+05:45,1363,31
2011-06-28 00:00:00+05:45,65,9
2014-04-29 00:00:00+05:45,1623,259
2014-07-07 00:00:00+05:45,3599,294
2016-06-07 00:00:00+05:45,0,4
2015-09-24 00:00:00+05:45,0,1
2010-05-24 00:00:00+05:45,3,4
2013-03-07 00:00:00+05:45,12451,1046
2013-05-01 00:00:00+05:45,5527,2272
2011-08-19 00:00:00+05:45,494,137
2011-10-12 00:00:00+05:45,13,24
2013-05-03 00:00:00+05:45,2188,406
2014-05-31 00:00:00+05:45,143,16
2011-01-25 00:00:00+05:45,0,1
2012-09-17 00:00:00+05:45,1501,248
2014-01-23 00:00:00+05:45,1190,123
2009-05-25 00:00:00+05:45,26,5
2010-06-15 00:00:00+05:45,0,1
2013-01-24 00:00:00+05:45,626,174
2015-07-09 00:00:00+05:45,0,78
2013-03-21 00:00:00+05:45,3220,1409
2012-10-21 00:00:00+05:45,298,62
2014-10-31 00:00:00+05:45,1068,999
2010-05-23 00:00:00+05:45,144,19
2013-06-04 00:00:00+05:45,1877,359
2013-02-19 00:00:00+05:45,2575,184
2010-06-20 00:00:00+05:45,0,5
2008-05-15 00:00:00+05:45,5,3
2014-06-30 00:00:00+05:45,511,196
2011-03-07 00:00:00+05:45,11,9
2008-06-23 00:00:00+05:45,51,1
2011-05-07 00:00:00+05:45,777,532
2012-06-24 00:00:00+05:45,34,249
2014-03-18 00:00:00+05:45,1013,125
2015-03-03 00:00:00+05:45,0,31
2016-06-03 00:00:00+05:45,0,7
2009-01-26 00:00:00+05:45,1536,4738
2013-10-01 00:00:00+05:45,9294,1582
2014-12-16 00:00:00+05:45,167,12
2014-11-04 00:00:00+05:45,209,103
2008-01-26 00:00:00+05:45,0,1
2011-07-04 00:00:00+05:45,1587,262
2011-10-07 00:00:00+05:45,7,0
2013-10-30 00:00:00+05:45,2016,136
2014-05-15 00:00:00+05:45,117,28
2015-07-29 00:00:00+05:45,0,7
2016-04-13 00:00:00+05:45,0,1
2015-08-19 00:00:00+05:45,0,1
2012-11-28 00:00:00+05:45,3287,179
2010-08-10 00:00:00+05:45,153,14
2014-01-18 00:00:00+05:45,8255,232
2013-12-19 00:00:00+05:45,3012,41
2015-06-10 00:00:00+05:45,0,3
2009-12-29 00:00:00+05:45,191,2
2016-04-10 00:00:00+05:45,0,2
2012-07-13 00:00:00+05:45,255,297
2012-11-24 00:00:00+05:45,420,151
2014-09-19 00:00:00+05:45,10824,259
2014-08-01 00:00:00+05:45,60,107
2008-11-08 00:00:00+05:45,4670,0
2012-05-05 00:00:00+05:45,156,22
2014-02-02 00:00:00+05:45,730,43
2011-07-05 00:00:00+05:45,4168,829
2013-12-03 00:00:00+05:45,2848,726
2010-11-16 00:00:00+05:45,369,160
2012-07-01 00:00:00+05:45,45,6
2010-11-23 00:00:00+05:45,111,80
2012-06-14 00:00:00+05:45,31,41
2013-03-10 00:00:00+05:45,4185,447
2009-08-14 00:00:00+05:45,0,5
2012-05-15 00:00:00+05:45,152,204
2011-03-24 00:00:00+05:45,0,1
2010-12-06 00:00:00+05:45,0,1
2014-12-13 00:00:00+05:45,772,283
2015-12-20 00:00:00+05:45,0,1
2011-03-29 00:00:00+05:45,0,1
2011-05-28 00:00:00+05:45,283,79
2010-12-19 00:00:00+05:45,2925,26
2012-10-06 00:00:00+05:45,762,358
2014-05-27 00:00:00+05:45,1408,191
2014-06-06 00:00:00+05:45,3381,210
2012-11-26 00:00:00+05:45,335,338
2014-06-01 00:00:00+05:45,14,5
2016-06-08 00:00:00+05:45,0,24
2015-05-30 00:00:00+05:45,0,3
2013-08-22 00:00:00+05:45,4611,2582
2016-10-05 00:00:00+05:45,0,2
2013-12-11 00:00:00+05:45,0,1
2015-05-21 00:00:00+05:45,0,79
2009-03-06 00:00:00+05:45,0,226
2015-07-30 00:00:00+05:45,0,1
2016-04-26 00:00:00+05:45,0,1
2008-10-22 00:00:00+05:45,4653,5938
2011-02-03 00:00:00+05:45,253,45
2014-10-28 00:00:00+05:45,5860,288
2008-06-08 00:00:00+05:45,29,12
2013-09-15 00:00:00+05:45,4514,3684
2007-07-03 00:00:00+05:45,368,0
2014-06-04 00:00:00+05:45,2,6
2009-08-06 00:00:00+05:45,2742,84
2012-03-27 00:00:00+05:45,3,4
2008-06-05 00:00:00+05:45,231,38
2013-09-24 00:00:00+05:45,822,1738
2013-05-16 00:00:00+05:45,1658,471
2014-01-14 00:00:00+05:45,103,107
2009-08-31 00:00:00+05:45,779,52
2011-07-31 00:00:00+05:45,139,20
2015-07-13 00:00:00+05:45,0,30
2011-12-01 00:00:00+05:45,70,108
2013-05-09 00:00:00+05:45,1533,547
2016-05-01 00:00:00+05:45,0,2
2015-01-24 00:00:00+05:45,0,7
2012-10-12 00:00:00+05:45,2080,4797
2008-06-29 00:00:00+05:45,2,0
2011-02-01 00:00:00+05:45,2363,60
2011-05-12 00:00:00+05:45,1019,207
2015-01-30 00:00:00+05:45,0,17
2012-07-18 00:00:00+05:45,25,123
2011-01-22 00:00:00+05:45,1,1
2008-10-08 00:00:00+05:45,32,123
2013-07-24 00:00:00+05:45,655,308
2016-03-28 00:00:00+05:45,0,7
2011-06-11 00:00:00+05:45,0,12
2011-09-12 00:00:00+05:45,0,1
2010-12-17 00:00:00+05:45,33,2
2016-06-13 00:00:00+05:45,0,174
2012-02-25 00:00:00+05:45,48,3
2011-02-02 00:00:00+05:45,75,61
2014-05-20 00:00:00+05:45,2779,582
2010-10-16 00:00:00+05:45,0,1
2013-12-24 00:00:00+05:45,82,256
2016-08-17 00:00:00+05:45,0,1
2015-08-27 00:00:00+05:45,0,2
2011-08-24 00:00:00+05:45,2,3
2014-08-29 00:00:00+05:45,7751,603
2012-01-17 00:00:00+05:45,66,130
2009-03-12 00:00:00+05:45,0,1
2013-08-05 00:00:00+05:45,1314,171
2014-01-03 00:00:00+05:45,744,8
2015-11-26 00:00:00+05:45,0,13
2008-09-05 00:00:00+05:45,638,29
2014-03-30 00:00:00+05:45,63,326
2009-09-05 00:00:00+05:45,1492,98
2012-05-20 00:00:00+05:45,57,224
2011-02-13 00:00:00+05:45,0,3
2014-03-21 00:00:00+05:45,2129,5754
2014-09-12 00:00:00+05:45,9195,656
2008-09-13 00:00:00+05:45,4974,1509
2008-03-27 00:00:00+05:45,1,2
2009-02-23 00:00:00+05:45,41,530
2016-07-03 00:00:00+05:45,0,1
2012-02-04 00:00:00+05:45,8,4
2016-07-07 00:00:00+05:45,0,25
2011-11-21 00:00:00+05:45,24,152
2016-03-12 00:00:00+05:45,0,4
2012-01-16 00:00:00+05:45,0,5
2010-06-02 00:00:00+05:45,30,38
2014-09-04 00:00:00+05:45,4464,296
2016-08-12 00:00:00+05:45,0,4
2013-04-01 00:00:00+05:45,2516,132
2015-06-19 00:00:00+05:45,0,10
2011-06-22 00:00:00+05:45,4,139
2011-02-24 00:00:00+05:45,0,2
2012-06-07 00:00:00+05:45,190,1497
2013-04-07 00:00:00+05:45,11045,900
2013-02-21 00:00:00+05:45,4130,556
2013-02-12 00:00:00+05:45,1298,262
2012-08-01 00:00:00+05:45,939,853
2012-03-11 00:00:00+05:45,2548,12
2016-10-23 00:00:00+05:45,0,7
2012-09-24 00:00:00+05:45,9,4
2007-11-10 00:00:00+05:45,36,0
2015-08-07 00:00:00+05:45,0,27
2013-05-14 00:00:00+05:45,4179,2295
2012-05-25 00:00:00+05:45,29,4
2014-11-27 00:00:00+05:45,3346,165
2008-12-07 00:00:00+05:45,1975,26
2016-05-25 00:00:00+05:45,0,7
2008-11-06 00:00:00+05:45,0,2
2012-05-12 00:00:00+05:45,29,23
2009-11-19 00:00:00+05:45,1882,669
2012-05-06 00:00:00+05:45,1156,115
2014-07-03 00:00:00+05:45,2261,228
2010-10-30 00:00:00+05:45,0,1
2013-08-06 00:00:00+05:45,660,269
2009-06-19 00:00:00+05:45,739,98
2016-03-02 00:00:00+05:45,0,3
2010-05-22 00:00:00+05:45,2,35
2013-10-09 00:00:00+05:45,187,258
2015-03-08 00:00:00+05:45,0,1
2014-11-14 00:00:00+05:45,1419,256
2009-01-20 00:00:00+05:45,0,432
2013-04-25 00:00:00+05:45,3912,485
2009-08-26 00:00:00+05:45,0,1
2013-10-22 00:00:00+05:45,44,20
2010-10-02 00:00:00+05:45,0,1
2014-08-12 00:00:00+05:45,1241,142
2014-08-26 00:00:00+05:45,3641,561
2014-11-16 00:00:00+05:45,2427,511
2016-04-04 00:00:00+05:45,0,71
2012-02-24 00:00:00+05:45,25,219
2011-08-11 00:00:00+05:45,342,49
2014-07-31 00:00:00+05:45,78,140
2013-08-28 00:00:00+05:45,3804,430
2012-12-31 00:00:00+05:45,766,131
2011-11-17 00:00:00+05:45,41,42
2012-11-09 00:00:00+05:45,624,155
2015-10-31 00:00:00+05:45,0,1
2012-10-16 00:00:00+05:45,973,1017
2013-07-27 00:00:00+05:45,8,33
2014-07-12 00:00:00+05:45,299,53
2014-11-07 00:00:00+05:45,2108,448
2014-04-19 00:00:00+05:45,963,546
2013-11-23 00:00:00+05:45,0,19
2012-07-21 00:00:00+05:45,5352,376
2013-03-28 00:00:00+05:45,3467,265
2011-10-13 00:00:00+05:45,5,12
2016-05-26 00:00:00+05:45,0,23
2010-05-03 00:00:00+05:45,30,6
2016-06-19 00:00:00+05:45,0,18
2011-04-29 00:00:00+05:45,0,2
2013-11-13 00:00:00+05:45,114,87
2012-08-20 00:00:00+05:45,236,867
2015-05-04 00:00:00+05:45,0,360
2012-06-29 00:00:00+05:45,476,227
2012-09-18 00:00:00+05:45,1996,865
2012-09-10 00:00:00+05:45,367,604
2008-09-24 00:00:00+05:45,246,9
2008-08-27 00:00:00+05:45,0,2
2012-06-20 00:00:00+05:45,842,332
2015-06-07 00:00:00+05:45,0,14
2010-10-10 00:00:00+05:45,177,53
2012-07-03 00:00:00+05:45,418,236
2011-12-29 00:00:00+05:45,30,10
2011-02-20 00:00:00+05:45,0,1
2012-06-13 00:00:00+05:45,3,0
2011-11-12 00:00:00+05:45,9,4
2011-01-23 00:00:00+05:45,1,4
2015-03-01 00:00:00+05:45,0,34
2012-01-31 00:00:00+05:45,8,12
2015-03-11 00:00:00+05:45,0,9
2010-05-14 00:00:00+05:45,0,14
2010-08-30 00:00:00+05:45,452,56
2012-12-07 00:00:00+05:45,1450,1147
2013-12-01 00:00:00+05:45,597,25
2011-01-01 00:00:00+05:45,245,31
2009-06-04 00:00:00+05:45,10,3
2013-01-17 00:00:00+05:45,2083,858
2011-03-05 00:00:00+05:45,187,47
2009-02-08 00:00:00+05:45,0,1
2013-02-24 00:00:00+05:45,44167,2933
2015-06-13 00:00:00+05:45,0,8
2011-09-01 00:00:00+05:45,6,15
2012-07-26 00:00:00+05:45,149,380
2016-03-25 00:00:00+05:45,0,2
2014-02-14 00:00:00+05:45,21,7
2013-04-06 00:00:00+05:45,1487,152
2013-08-15 00:00:00+05:45,4885,2050
2014-08-02 00:00:00+05:45,0,1
2014-07-14 00:00:00+05:45,6,2
2009-09-02 00:00:00+05:45,635,14
2015-11-10 00:00:00+05:45,0,7
2012-11-18 00:00:00+05:45,500,53
2009-09-09 00:00:00+05:45,99,29
2015-05-14 00:00:00+05:45,0,177
2013-10-25 00:00:00+05:45,1470,703
2009-12-18 00:00:00+05:45,127,0
2013-05-21 00:00:00+05:45,6951,595
2014-08-28 00:00:00+05:45,8859,1001
2014-01-01 00:00:00+05:45,46,9
2010-10-11 00:00:00+05:45,0,3
2015-12-27 00:00:00+05:45,0,33
2014-03-03 00:00:00+05:45,3375,79
2016-07-11 00:00:00+05:45,0,18
2009-01-06 00:00:00+05:45,1053,2941
2013-01-21 00:00:00+05:45,59,45
2010-06-11 00:00:00+05:45,2,4
2011-03-21 00:00:00+05:45,19,14
2010-02-20 00:00:00+05:45,0,6
2010-12-13 00:00:00+05:45,631,53
2010-04-11 00:00:00+05:45,0,1
2009-12-21 00:00:00+05:45,0,3
2011-06-05 00:00:00+05:45,0,1
2008-07-10 00:00:00+05:45,0,1
2012-10-09 00:00:00+05:45,851,1714
2013-11-01 00:00:00+05:45,4496,1930
2009-02-07 00:00:00+05:45,33,4
2013-11-18 00:00:00+05:45,948,134
2014-06-13 00:00:00+05:45,1120,225
2008-04-20 00:00:00+05:45,2,6
2011-03-12 00:00:00+05:45,0,1
2012-06-21 00:00:00+05:45,12,771
2016-03-01 00:00:00+05:45,0,6
2014-04-22 00:00:00+05:45,5152,201
2015-04-09 00:00:00+05:45,0,8
2013-11-05 00:00:00+05:45,4120,1174
2008-12-31 00:00:00+05:45,0,102
2014-09-16 00:00:00+05:45,7251,1009
2011-10-19 00:00:00+05:45,976,41
2015-07-23 00:00:00+05:45,0,3
2012-09-16 00:00:00+05:45,494,42
2010-11-10 00:00:00+05:45,90,11
2008-06-07 00:00:00+05:45,675,17
2013-11-14 00:00:00+05:45,1344,1505
2013-05-11 00:00:00+05:45,249,475
2011-05-15 00:00:00+05:45,29,9
2016-08-09 00:00:00+05:45,0,2
2014-08-21 00:00:00+05:45,5625,1332
2015-06-22 00:00:00+05:45,0,196
2010-09-10 00:00:00+05:45,0,1
2012-09-26 00:00:00+05:45,492,401
2013-03-22 00:00:00+05:45,4113,418
2009-12-06 00:00:00+05:45,1486,0
2012-07-22 00:00:00+05:45,5491,319
2012-01-13 00:00:00+05:45,0,4
2013-01-29 00:00:00+05:45,469,279
2016-03-06 00:00:00+05:45,0,5
2015-08-10 00:00:00+05:45,0,1
2009-03-10 00:00:00+05:45,75,235
2014-07-25 00:00:00+05:45,599,25
2016-05-16 00:00:00+05:45,0,25
2012-04-24 00:00:00+05:45,0,1
2009-04-09 00:00:00+05:45,0,1
2014-09-30 00:00:00+05:45,4907,452
2012-08-23 00:00:00+05:45,323,31
2014-09-07 00:00:00+05:45,8237,518
2014-07-08 00:00:00+05:45,2170,301
2013-07-30 00:00:00+05:45,456,447
2015-02-18 00:00:00+05:45,0,38
2015-12-03 00:00:00+05:45,0,7
2013-05-27 00:00:00+05:45,2416,396
2014-09-14 00:00:00+05:45,9431,345
2010-12-23 00:00:00+05:45,499,8
2011-03-15 00:00:00+05:45,0,1
2011-08-06 00:00:00+05:45,5128,113
2013-10-04 00:00:00+05:45,9668,418
2011-10-10 00:00:00+05:45,700,26
2010-01-27 00:00:00+05:45,0,14
2013-05-30 00:00:00+05:45,5920,618
2011-07-12 00:00:00+05:45,0,727
2013-01-10 00:00:00+05:45,324,2093
2014-04-12 00:00:00+05:45,5,4
2010-03-09 00:00:00+05:45,0,6
2012-07-15 00:00:00+05:45,26,57
2014-04-13 00:00:00+05:45,7,51
2013-10-27 00:00:00+05:45,642,703
2011-11-27 00:00:00+05:45,3375,26
2009-09-30 00:00:00+05:45,0,1
2009-05-06 00:00:00+05:45,45,7
2011-11-03 00:00:00+05:45,1560,271
2016-05-09 00:00:00+05:45,0,2
2013-07-17 00:00:00+05:45,2231,417
2012-06-19 00:00:00+05:45,19,330
2012-10-22 00:00:00+05:45,570,68
2007-12-13 00:00:00+05:45,6,1
2011-11-14 00:00:00+05:45,27,53
2015-03-19 00:00:00+05:45,0,92
2013-11-07 00:00:00+05:45,12718,2129
2014-08-03 00:00:00+05:45,4364,347
2015-04-17 00:00:00+05:45,0,13
2012-08-16 00:00:00+05:45,5,0
2014-09-11 00:00:00+05:45,9777,1035
2014-03-29 00:00:00+05:45,4,3
2011-01-30 00:00:00+05:45,309,13
2012-11-04 00:00:00+05:45,394,300
2013-03-01 00:00:00+05:45,2605,156
2016-06-28 00:00:00+05:45,0,16
2010-04-27 00:00:00+05:45,52,17
2008-09-14 00:00:00+05:45,0,7
2013-03-15 00:00:00+05:45,5181,265
2012-05-28 00:00:00+05:45,143,80
2012-03-26 00:00:00+05:45,75,2
2012-10-10 00:00:00+05:45,268,826
2013-01-04 00:00:00+05:45,491,1871
2011-10-23 00:00:00+05:45,46,8
2013-01-05 00:00:00+05:45,0,5
2009-12-07 00:00:00+05:45,0,2
2015-04-26 00:00:00+05:45,0,1787
2007-07-05 00:00:00+05:45,687,0
2013-07-22 00:00:00+05:45,504,24
2014-07-17 00:00:00+05:45,2527,382
2014-07-10 00:00:00+05:45,246,123
2011-04-26 00:00:00+05:45,0,1
2010-08-19 00:00:00+05:45,0,1
2013-02-25 00:00:00+05:45,15268,1046
2008-11-24 00:00:00+05:45,27,215
2011-08-09 00:00:00+05:45,1195,30
2011-07-08 00:00:00+05:45,1372,327
2015-01-11 00:00:00+05:45,0,7
2013-03-26 00:00:00+05:45,450,214
2013-07-08 00:00:00+05:45,553,1519
2014-08-16 00:00:00+05:45,324,226
2007-06-13 00:00:00+05:45,121,0
2013-02-17 00:00:00+05:45,2428,104
2015-03-25 00:00:00+05:45,0,421
2011-11-20 00:00:00+05:45,191,218
2013-02-22 00:00:00+05:45,7385,2118
2012-11-01 00:00:00+05:45,141,53
2011-06-07 00:00:00+05:45,0,3
2013-08-10 00:00:00+05:45,7424,294
2014-10-14 00:00:00+05:45,4336,108
2014-12-08 00:00:00+05:45,138,43
2015-02-16 00:00:00+05:45,0,21
2014-03-26 00:00:00+05:45,924,854
2011-01-27 00:00:00+05:45,452,88
2012-07-30 00:00:00+05:45,1,550
2008-04-06 00:00:00+05:45,6,1
2015-02-15 00:00:00+05:45,0,102
2015-06-04 00:00:00+05:45,0,17
2012-10-05 00:00:00+05:45,2697,418
2010-09-07 00:00:00+05:45,817,1
2012-06-22 00:00:00+05:45,94,1320
2010-12-18 00:00:00+05:45,1518,188
2012-03-16 00:00:00+05:45,2138,46
2015-02-20 00:00:00+05:45,0,131
2009-01-12 00:00:00+05:45,2,711
2013-01-09 00:00:00+05:45,410,581
2014-12-03 00:00:00+05:45,3740,67
2013-07-15 00:00:00+05:45,239,206
2014-08-18 00:00:00+05:45,6819,189
2010-03-21 00:00:00+05:45,1146,231
2008-11-20 00:00:00+05:45,12,211
2016-04-07 00:00:00+05:45,0,9
2009-06-12 00:00:00+05:45,2,0
2011-07-13 00:00:00+05:45,65,13
2014-10-04 00:00:00+05:45,10430,1232
2014-11-20 00:00:00+05:45,264,24
2015-02-12 00:00:00+05:45,0,42
2015-06-29 00:00:00+05:45,0,6
2012-10-18 00:00:00+05:45,239,10
2015-07-05 00:00:00+05:45,0,33
2015-07-21 00:00:00+05:45,0,5
2012-08-19 00:00:00+05:45,362,1347
2016-05-13 00:00:00+05:45,0,15
2012-12-30 00:00:00+05:45,299,1348
2014-08-22 00:00:00+05:45,0,3
2013-02-05 00:00:00+05:45,1922,87
2011-11-25 00:00:00+05:45,13,4
2010-06-14 00:00:00+05:45,0,4
2016-08-01 00:00:00+05:45,0,36
2010-12-08 00:00:00+05:45,0,20
2012-08-10 00:00:00+05:45,234,3
2009-08-08 00:00:00+05:45,20,39
2015-06-24 00:00:00+05:45,0,21
2016-09-21 00:00:00+05:45,0,170
2012-06-17 00:00:00+05:45,237,597
2011-04-28 00:00:00+05:45,0,3
2013-04-03 00:00:00+05:45,1727,161
2011-01-06 00:00:00+05:45,0,3
2014-07-21 00:00:00+05:45,946,595
2010-03-23 00:00:00+05:45,656,337
2013-11-20 00:00:00+05:45,4599,895
2007-06-29 00:00:00+05:45,160,0
2013-11-19 00:00:00+05:45,1550,251
2011-04-14 00:00:00+05:45,66,27
2013-06-27 00:00:00+05:45,4905,803
2013-11-25 00:00:00+05:45,3805,525
2013-09-05 00:00:00+05:45,4437,488
2010-11-04 00:00:00+05:45,128,8
2015-03-28 00:00:00+05:45,0,31
2015-05-12 00:00:00+05:45,0,119
2012-02-07 00:00:00+05:45,48,232
2014-08-24 00:00:00+05:45,3680,72
2012-03-29 00:00:00+05:45,0,6
2010-06-16 00:00:00+05:45,0,9
2012-07-16 00:00:00+05:45,1180,233
2011-10-01 00:00:00+05:45,0,1
2013-10-14 00:00:00+05:45,368,256
2010-12-24 00:00:00+05:45,0,6
2013-09-01 00:00:00+05:45,3057,1613
2009-03-15 00:00:00+05:45,4759,3625
2013-02-02 00:00:00+05:45,577,105
2012-12-04 00:00:00+05:45,747,200
2011-09-11 00:00:00+05:45,0,7
2014-01-02 00:00:00+05:45,3111,63
2014-03-09 00:00:00+05:45,621,126
2010-10-20 00:00:00+05:45,0,1
2011-06-06 00:00:00+05:45,1,7
2012-01-11 00:00:00+05:45,1,14
2014-08-20 00:00:00+05:45,352,1256
2015-06-09 00:00:00+05:45,0,29
2014-08-09 00:00:00+05:45,0,14
2010-10-06 00:00:00+05:45,0,3
2015-01-03 00:00:00+05:45,0,1
2011-09-28 00:00:00+05:45,5,17
2010-09-22 00:00:00+05:45,1,8
2013-03-31 00:00:00+05:45,1010,163
2012-12-11 00:00:00+05:45,695,246
2016-06-11 00:00:00+05:45,0,30
2009-02-11 00:00:00+05:45,5,1
2014-03-19 00:00:00+05:45,2086,217
2012-03-21 00:00:00+05:45,725,117
2008-10-13 00:00:00+05:45,733,260
2012-04-15 00:00:00+05:45,55,63
2014-05-30 00:00:00+05:45,579,226
2013-07-19 00:00:00+05:45,3639,704
2013-03-29 00:00:00+05:45,965,43
2011-03-20 00:00:00+05:45,0,5
2013-07-20 00:00:00+05:45,5421,194
2016-05-18 00:00:00+05:45,0,101
2013-05-20 00:00:00+05:45,555,456
2016-10-17 00:00:00+05:45,0,7
2016-02-24 00:00:00+05:45,0,7
2015-12-31 00:00:00+05:45,0,2
2014-10-29 00:00:00+05:45,5386,845
2013-04-18 00:00:00+05:45,1470,123
2015-07-14 00:00:00+05:45,0,35
2015-10-01 00:00:00+05:45,0,37
2013-12-05 00:00:00+05:45,2736,494
2010-11-07 00:00:00+05:45,0,5
2014-01-26 00:00:00+05:45,1904,536
2010-11-02 00:00:00+05:45,896,91
2010-11-20 00:00:00+05:45,17,4
2012-05-03 00:00:00+05:45,498,55
2011-11-05 00:00:00+05:45,992,360
2016-03-27 00:00:00+05:45,0,4
2014-07-16 00:00:00+05:45,2410,105
2012-04-27 00:00:00+05:45,3,4
2014-12-02 00:00:00+05:45,3116,2256
2011-11-01 00:00:00+05:45,578,78
2010-03-18 00:00:00+05:45,284,24
2015-04-05 00:00:00+05:45,0,1
2015-03-26 00:00:00+05:45,0,8
2012-12-09 00:00:00+05:45,1990,1765
2012-01-26 00:00:00+05:45,21,1
2014-06-18 00:00:00+05:45,985,140
2012-04-06 00:00:00+05:45,0,4
2015-01-27 00:00:00+05:45,0,11
2013-02-18 00:00:00+05:45,31400,1582
2014-01-19 00:00:00+05:45,2183,121
2012-12-29 00:00:00+05:45,444,89
2015-12-04 00:00:00+05:45,0,13
2016-07-19 00:00:00+05:45,0,2
2015-05-02 00:00:00+05:45,0,283
2007-07-02 00:00:00+05:45,637,0
2015-05-11 00:00:00+05:45,0,47
2008-08-14 00:00:00+05:45,0,2
2011-04-03 00:00:00+05:45,570,1
2013-11-17 00:00:00+05:45,353,129
2009-02-05 00:00:00+05:45,57,1
2012-09-23 00:00:00+05:45,22,24
2016-05-07 00:00:00+05:45,0,67
2009-10-14 00:00:00+05:45,236,74
2016-10-21 00:00:00+05:45,0,5
2014-07-15 00:00:00+05:45,38,69
2014-01-31 00:00:00+05:45,1247,124
2014-05-06 00:00:00+05:45,1016,558
2013-11-22 00:00:00+05:45,424,306
2014-09-10 00:00:00+05:45,5283,813
2014-11-22 00:00:00+05:45,3398,424
2011-03-16 00:00:00+05:45,0,1
2015-03-14 00:00:00+05:45,0,104
2011-03-28 00:00:00+05:45,486,2
2009-06-23 00:00:00+05:45,456,236
2012-03-02 00:00:00+05:45,388,45
2010-05-18 00:00:00+05:45,0,9
2016-06-17 00:00:00+05:45,0,30
2016-07-01 00:00:00+05:45,0,10
2013-02-09 00:00:00+05:45,539,147
2016-04-29 00:00:00+05:45,0,1
2014-09-03 00:00:00+05:45,5290,438
2014-01-08 00:00:00+05:45,24,34
2013-06-12 00:00:00+05:45,2470,644
2011-08-14 00:00:00+05:45,1272,6
2008-12-14 00:00:00+05:45,0,1138
2014-08-04 00:00:00+05:45,4877,528
2009-12-11 00:00:00+05:45,166,2
2014-04-05 00:00:00+05:45,310,51
2012-05-16 00:00:00+05:45,13,21
2013-07-06 00:00:00+05:45,558,148
2011-07-03 00:00:00+05:45,142,48
2011-04-05 00:00:00+05:45,0,3
2010-03-06 00:00:00+05:45,99,1
2012-12-26 00:00:00+05:45,4576,347
2013-03-14 00:00:00+05:45,2125,422
2014-06-02 00:00:00+05:45,231,131
2010-12-26 00:00:00+05:45,0,1
2010-12-14 00:00:00+05:45,124,7
2011-11-04 00:00:00+05:45,136,22
2009-01-25 00:00:00+05:45,809,2267
2014-05-11 00:00:00+05:45,0,42
2010-05-08 00:00:00+05:45,127,42
2016-07-26 00:00:00+05:45,0,1
2012-01-30 00:00:00+05:45,525,47
2008-06-09 00:00:00+05:45,1,6
2011-11-08 00:00:00+05:45,0,1
2016-06-01 00:00:00+05:45,0,57
2015-05-15 00:00:00+05:45,0,155
2009-01-30 00:00:00+05:45,226,444
2014-06-03 00:00:00+05:45,2978,322
2015-08-05 00:00:00+05:45,0,6
2013-05-22 00:00:00+05:45,7020,477
2011-11-16 00:00:00+05:45,0,13
2013-10-05 00:00:00+05:45,3004,146
2013-08-04 00:00:00+05:45,6911,126
2010-02-19 00:00:00+05:45,0,1
2013-06-29 00:00:00+05:45,1982,492
2015-02-25 00:00:00+05:45,0,522
2011-06-04 00:00:00+05:45,0,1
2015-03-30 00:00:00+05:45,0,1
2013-04-28 00:00:00+05:45,1540,588
2016-04-22 00:00:00+05:45,0,7
2015-07-11 00:00:00+05:45,0,15
2014-06-19 00:00:00+05:45,3389,695
2012-07-09 00:00:00+05:45,132,147
2011-08-05 00:00:00+05:45,3077,147
2011-07-28 00:00:00+05:45,156,66
2011-12-26 00:00:00+05:45,7,64
2015-04-18 00:00:00+05:45,0,139
2016-06-24 00:00:00+05:45,0,50
2009-09-01 00:00:00+05:45,0,1
2016-02-07 00:00:00+05:45,0,1
2015-11-06 00:00:00+05:45,0,5
2013-04-24 00:00:00+05:45,4435,437
2011-07-23 00:00:00+05:45,0,1
2016-10-20 00:00:00+05:45,0,1
2014-05-09 00:00:00+05:45,683,33
2014-09-01 00:00:00+05:45,1444,290
2010-01-02 00:00:00+05:45,1596,81
2014-09-21 00:00:00+05:45,12092,763
2016-10-06 00:00:00+05:45,0,1
2016-08-16 00:00:00+05:45,0,9
2016-04-15 00:00:00+05:45,0,6
2012-05-30 00:00:00+05:45,0,2
2013-10-21 00:00:00+05:45,303,330
2013-09-11 00:00:00+05:45,6077,1701
2011-09-21 00:00:00+05:45,0,4
2014-01-06 00:00:00+05:45,1766,231
2010-09-18 00:00:00+05:45,977,1
2011-12-08 00:00:00+05:45,0,2
2013-01-19 00:00:00+05:45,4664,1828
2009-08-17 00:00:00+05:45,0,1
2015-07-24 00:00:00+05:45,0,1
2011-10-29 00:00:00+05:45,7,20
2010-10-25 00:00:00+05:45,171,0
2015-10-29 00:00:00+05:45,0,31
2012-03-24 00:00:00+05:45,0,2
2013-06-21 00:00:00+05:45,2450,365
2013-07-21 00:00:00+05:45,1473,70
2014-05-16 00:00:00+05:45,6,3
2016-03-24 00:00:00+05:45,0,5
2011-09-10 00:00:00+05:45,0,1
2015-08-14 00:00:00+05:45,0,5
2010-08-06 00:00:00+05:45,648,27
2011-09-17 00:00:00+05:45,133,1
2009-08-12 00:00:00+05:45,0,6
2011-08-15 00:00:00+05:45,2136,348
2010-06-09 00:00:00+05:45,0,3
2011-12-07 00:00:00+05:45,2,1
2012-09-03 00:00:00+05:45,2597,2122
2013-12-13 00:00:00+05:45,348,222
2011-11-23 00:00:00+05:45,282,71
2009-08-24 00:00:00+05:45,0,2
2010-06-13 00:00:00+05:45,0,10
2011-01-11 00:00:00+05:45,0,2
2010-01-04 00:00:00+05:45,661,237
2008-11-26 00:00:00+05:45,10,29
2010-06-17 00:00:00+05:45,0,1
2012-02-09 00:00:00+05:45,21,9
2013-09-13 00:00:00+05:45,832,294
2012-08-17 00:00:00+05:45,307,33
2013-07-11 00:00:00+05:45,42,146
2015-11-08 00:00:00+05:45,0,108
2008-07-06 00:00:00+05:45,11,6
2013-06-30 00:00:00+05:45,1,20
2014-03-13 00:00:00+05:45,296,195
2013-10-08 00:00:00+05:45,410,619
2011-04-25 00:00:00+05:45,0,3
2009-09-06 00:00:00+05:45,0,8
2012-01-14 00:00:00+05:45,0,1
2014-02-27 00:00:00+05:45,803,116
2014-01-25 00:00:00+05:45,62,8
2012-05-11 00:00:00+05:45,1338,106
2009-11-21 00:00:00+05:45,258,76
2016-09-05 00:00:00+05:45,0,4
2015-08-16 00:00:00+05:45,0,1
2014-10-23 00:00:00+05:45,882,286
2015-06-05 00:00:00+05:45,0,1
2014-08-31 00:00:00+05:45,5602,502
2011-06-15 00:00:00+05:45,13,0
2011-10-18 00:00:00+05:45,425,6
2013-03-06 00:00:00+05:45,11786,578
2016-09-07 00:00:00+05:45,0,1
2011-06-03 00:00:00+05:45,0,3
2014-05-23 00:00:00+05:45,439,121
2012-05-08 00:00:00+05:45,0,2
2015-08-06 00:00:00+05:45,0,219
2009-08-01 00:00:00+05:45,4,11
2013-11-12 00:00:00+05:45,3750,1012
2013-09-27 00:00:00+05:45,856,980
2014-12-07 00:00:00+05:45,1728,65
2014-01-30 00:00:00+05:45,6994,219
2012-11-08 00:00:00+05:45,832,259
2013-01-31 00:00:00+05:45,5106,498
2014-10-06 00:00:00+05:45,4880,171
2009-11-26 00:00:00+05:45,0,1
2013-07-28 00:00:00+05:45,1657,560
2014-03-22 00:00:00+05:45,3343,887
2010-12-15 00:00:00+05:45,96,4
2010-09-17 00:00:00+05:45,0,2
2010-09-20 00:00:00+05:45,164,7
2013-09-07 00:00:00+05:45,9355,827
2016-06-25 00:00:00+05:45,0,1
2014-02-10 00:00:00+05:45,497,180
2010-08-27 00:00:00+05:45,130,23
2013-12-20 00:00:00+05:45,2163,3958
2012-07-07 00:00:00+05:45,102,9
2012-12-22 00:00:00+05:45,154,89
2012-06-16 00:00:00+05:45,0,3
2014-03-24 00:00:00+05:45,2,21
2011-05-03 00:00:00+05:45,0,2
2008-08-24 00:00:00+05:45,52,0
2011-09-29 00:00:00+05:45,0,3
2016-10-04 00:00:00+05:45,0,17
2013-04-17 00:00:00+05:45,287,374
2013-02-07 00:00:00+05:45,832,364
2012-05-21 00:00:00+05:45,25,10
2011-10-05 00:00:00+05:45,6,64
2012-03-09 00:00:00+05:45,2561,49
2012-03-04 00:00:00+05:45,177,185
2012-10-20 00:00:00+05:45,607,15
2012-08-06 00:00:00+05:45,6,20
2016-08-29 00:00:00+05:45,0,53
2012-01-28 00:00:00+05:45,2,13
2013-12-28 00:00:00+05:45,754,17
2014-11-19 00:00:00+05:45,135,77
2008-07-23 00:00:00+05:45,918,280
2013-03-17 00:00:00+05:45,4560,358
2013-04-26 00:00:00+05:45,6917,1113
2012-02-27 00:00:00+05:45,1,0
2014-02-26 00:00:00+05:45,9392,1040
2011-07-26 00:00:00+05:45,0,1
2009-12-15 00:00:00+05:45,188,142
2008-02-05 00:00:00+05:45,490,0
2012-11-13 00:00:00+05:45,2092,382
2008-12-06 00:00:00+05:45,374,13
2009-03-14 00:00:00+05:45,246,987
2011-08-31 00:00:00+05:45,16,17
2013-07-29 00:00:00+05:45,110,216
2013-12-02 00:00:00+05:45,3389,1402
2014-11-12 00:00:00+05:45,214,5637
2013-06-03 00:00:00+05:45,732,302
2015-10-09 00:00:00+05:45,0,1
2014-08-11 00:00:00+05:45,468,92
2015-07-04 00:00:00+05:45,0,3
2012-06-25 00:00:00+05:45,159,95
2010-02-22 00:00:00+05:45,0,138
2014-01-20 00:00:00+05:45,7818,478
2015-05-28 00:00:00+05:45,0,128
2010-08-17 00:00:00+05:45,12,1
2014-03-01 00:00:00+05:45,578,24
2013-04-16 00:00:00+05:45,4102,955
2012-10-29 00:00:00+05:45,39,7
2011-07-01 00:00:00+05:45,3220,480
2016-03-15 00:00:00+05:45,0,6
2008-11-19 00:00:00+05:45,30,164
2016-04-05 00:00:00+05:45,0,7
2008-02-26 00:00:00+05:45,1,0
2012-02-28 00:00:00+05:45,117,68
2013-04-13 00:00:00+05:45,1489,30
2013-03-16 00:00:00+05:45,324,323
2009-08-05 00:00:00+05:45,0,14
2012-03-05 00:00:00+05:45,3687,81
2015-02-19 00:00:00+05:45,0,18
2012-09-29 00:00:00+05:45,828,202
2010-08-04 00:00:00+05:45,71,46
2009-06-07 00:00:00+05:45,0,6
2013-01-20 00:00:00+05:45,500,702
2009-11-14 00:00:00+05:45,0,105
2010-11-09 00:00:00+05:45,0,2
2014-11-23 00:00:00+05:45,7858,2289
2010-10-17 00:00:00+05:45,45,13
2015-06-15 00:00:00+05:45,0,21
2014-08-10 00:00:00+05:45,0,68
2010-09-09 00:00:00+05:45,650,9
2012-08-14 00:00:00+05:45,0,2
2016-04-09 00:00:00+05:45,0,17
2011-07-11 00:00:00+05:45,55,38
2010-09-16 00:00:00+05:45,0,4
2013-05-17 00:00:00+05:45,3779,1251
2010-07-23 00:00:00+05:45,0,1
2013-12-16 00:00:00+05:45,1334,725
2010-12-03 00:00:00+05:45,0,1
2013-11-26 00:00:00+05:45,1577,706
2009-09-26 00:00:00+05:45,0,2
2010-11-12 00:00:00+05:45,62,59
2010-10-24 00:00:00+05:45,0,1
2010-03-24 00:00:00+05:45,122,94
2014-05-01 00:00:00+05:45,419,2022
2016-02-03 00:00:00+05:45,0,72
2013-12-29 00:00:00+05:45,152,744
2016-07-08 00:00:00+05:45,0,1
2012-03-19 00:00:00+05:45,61,5
2012-01-23 00:00:00+05:45,0,1
2016-03-18 00:00:00+05:45,0,8
2011-09-23 00:00:00+05:45,19,4
2013-09-28 00:00:00+05:45,1748,190
2016-01-10 00:00:00+05:45,0,4
2010-10-15 00:00:00+05:45,14,4
2012-12-20 00:00:00+05:45,6901,2063
2013-01-07 00:00:00+05:45,1546,733
2011-02-27 00:00:00+05:45,0,3
2010-01-01 00:00:00+05:45,0,7
2012-06-28 00:00:00+05:45,298,758
2015-02-26 00:00:00+05:45,0,2
2014-03-15 00:00:00+05:45,71,15
2015-11-13 00:00:00+05:45,0,4
2013-12-21 00:00:00+05:45,1704,1117
2015-10-28 00:00:00+05:45,0,6
2016-03-31 00:00:00+05:45,0,13
2012-06-03 00:00:00+05:45,654,721
2009-12-12 00:00:00+05:45,311,4
2011-03-09 00:00:00+05:45,4,5
2012-12-17 00:00:00+05:45,1119,1119
2008-03-31 00:00:00+05:45,10,1
2012-12-23 00:00:00+05:45,477,221
2012-04-09 00:00:00+05:45,111,30
2011-11-28 00:00:00+05:45,1,5
2010-03-07 00:00:00+05:45,2,4
2015-11-20 00:00:00+05:45,0,1
2014-09-26 00:00:00+05:45,3050,143
2013-02-28 00:00:00+05:45,762,75
2010-09-24 00:00:00+05:45,2,1
2011-03-14 00:00:00+05:45,0,6
2015-08-03 00:00:00+05:45,0,31
2014-04-23 00:00:00+05:45,97,2848
2016-03-17 00:00:00+05:45,0,106
2014-11-11 00:00:00+05:45,1458,262
2015-06-23 00:00:00+05:45,0,20
2014-01-15 00:00:00+05:45,3552,240
2011-08-28 00:00:00+05:45,395,87
2009-12-13 00:00:00+05:45,0,1
2015-11-21 00:00:00+05:45,0,27
2011-08-16 00:00:00+05:45,491,26
2014-01-11 00:00:00+05:45,10,1
2010-11-11 00:00:00+05:45,211,71
2016-07-24 00:00:00+05:45,0,4
2014-10-26 00:00:00+05:45,14560,253
2016-05-19 00:00:00+05:45,0,26
2015-02-04 00:00:00+05:45,0,1
2009-10-09 00:00:00+05:45,0,1
2013-08-31 00:00:00+05:45,6662,332
2014-04-17 00:00:00+05:45,1074,151
2015-05-07 00:00:00+05:45,0,230
2011-02-16 00:00:00+05:45,0,1
2012-11-17 00:00:00+05:45,269,1000
2013-02-03 00:00:00+05:45,2867,460
2015-05-29 00:00:00+05:45,0,14
2014-09-15 00:00:00+05:45,3177,359
2012-01-02 00:00:00+05:45,0,4
2009-03-04 00:00:00+05:45,0,13
2016-05-23 00:00:00+05:45,0,58
2014-10-13 00:00:00+05:45,885,74
2009-11-30 00:00:00+05:45,7014,801
2012-09-20 00:00:00+05:45,1692,291
2015-05-05 00:00:00+05:45,0,346
2014-05-07 00:00:00+05:45,119,999
2013-12-23 00:00:00+05:45,2927,338
2012-04-07 00:00:00+05:45,266,1
2011-12-04 00:00:00+05:45,0,2
2007-06-04 00:00:00+05:45,2,0
2012-07-31 00:00:00+05:45,4,547
2014-11-13 00:00:00+05:45,201,388
2014-05-12 00:00:00+05:45,8169,908
2015-07-16 00:00:00+05:45,0,8
2016-09-13 00:00:00+05:45,0,1
2016-04-18 00:00:00+05:45,0,1
2010-01-03 00:00:00+05:45,11,694
2015-06-30 00:00:00+05:45,0,3
2013-01-15 00:00:00+05:45,1269,534
2011-12-03 00:00:00+05:45,3,1
2015-02-13 00:00:00+05:45,0,45
2011-01-26 00:00:00+05:45,0,6
2013-03-24 00:00:00+05:45,30976,795
2014-01-21 00:00:00+05:45,2523,325
2010-04-12 00:00:00+05:45,274,1
2013-04-22 00:00:00+05:45,5943,705
2015-01-29 00:00:00+05:45,0,2
2016-06-26 00:00:00+05:45,0,3
2011-03-19 00:00:00+05:45,0,3
2011-10-27 00:00:00+05:45,0,4
2012-03-08 00:00:00+05:45,6,1
2011-03-02 00:00:00+05:45,0,1
2008-06-11 00:00:00+05:45,61,32
2011-03-13 00:00:00+05:45,0,1
2015-05-01 00:00:00+05:45,0,959
2014-07-20 00:00:00+05:45,614,35
2013-06-09 00:00:00+05:45,3894,599
2014-02-07 00:00:00+05:45,1485,474
2010-06-06 00:00:00+05:45,3,22
2015-04-10 00:00:00+05:45,0,146
2008-09-08 00:00:00+05:45,1449,232
2014-11-10 00:00:00+05:45,1276,599
2015-07-06 00:00:00+05:45,0,18
2011-07-10 00:00:00+05:45,850,1239
2011-06-27 00:00:00+05:45,955,192
2011-12-10 00:00:00+05:45,0,2
2014-09-17 00:00:00+05:45,3386,1615
2011-06-29 00:00:00+05:45,696,48
2010-12-30 00:00:00+05:45,42,65
2012-02-13 00:00:00+05:45,0,8
2012-05-24 00:00:00+05:45,6,27
2008-08-15 00:00:00+05:45,130,39
2016-03-07 00:00:00+05:45,0,2
2011-02-23 00:00:00+05:45,0,1
2016-01-31 00:00:00+05:45,0,11
2013-06-06 00:00:00+05:45,1754,287
2015-02-22 00:00:00+05:45,0,11
2016-05-08 00:00:00+05:45,0,24
2011-12-19 00:00:00+05:45,7,40
2012-03-20 00:00:00+05:45,656,122
2013-12-08 00:00:00+05:45,1587,7482
2015-03-02 00:00:00+05:45,0,73
2012-02-16 00:00:00+05:45,0,2
2010-11-24 00:00:00+05:45,0,2
2013-01-08 00:00:00+05:45,920,655
2016-04-21 00:00:00+05:45,0,12
2009-12-14 00:00:00+05:45,0,150
2011-01-09 00:00:00+05:45,1,2
2012-04-30 00:00:00+05:45,10,0
2012-08-09 00:00:00+05:45,867,269
2012-08-27 00:00:00+05:45,75,413
2016-08-11 00:00:00+05:45,0,2
2013-06-26 00:00:00+05:45,4307,618
2007-12-01 00:00:00+05:45,0,1
2012-01-10 00:00:00+05:45,0,18
2010-11-03 00:00:00+05:45,0,1
2010-08-29 00:00:00+05:45,0,4
2015-03-21 00:00:00+05:45,0,36
2014-08-27 00:00:00+05:45,4744,682
2012-07-11 00:00:00+05:45,4047,237
2010-09-13 00:00:00+05:45,0,4
2014-03-10 00:00:00+05:45,1092,204
2010-11-13 00:00:00+05:45,947,93
2014-10-09 00:00:00+05:45,3391,526
2012-03-15 00:00:00+05:45,78,11
2014-04-09 00:00:00+05:45,237,9
2013-09-04 00:00:00+05:45,4142,411
2011-12-17 00:00:00+05:45,31,1
2010-05-09 00:00:00+05:45,70,10
2009-02-17 00:00:00+05:45,3,400
2009-12-23 00:00:00+05:45,272,3
2016-08-07 00:00:00+05:45,0,4
2015-11-09 00:00:00+05:45,0,162
2012-10-31 00:00:00+05:45,3854,1982
2012-12-13 00:00:00+05:45,3401,145
2013-06-23 00:00:00+05:45,754,629
2014-01-05 00:00:00+05:45,158,330
2015-07-15 00:00:00+05:45,0,46
2009-11-07 00:00:00+05:45,167,8
2014-06-23 00:00:00+05:45,2501,993
2015-02-02 00:00:00+05:45,0,4
2012-08-24 00:00:00+05:45,1298,977
2011-02-07 00:00:00+05:45,0,4
2012-07-29 00:00:00+05:45,28,20
2010-01-06 00:00:00+05:45,593,3
2013-08-13 00:00:00+05:45,5734,3195
2015-11-16 00:00:00+05:45,0,1
2012-01-21 00:00:00+05:45,0,1
2014-10-18 00:00:00+05:45,70,5
2010-10-29 00:00:00+05:45,0,1
2011-11-09 00:00:00+05:45,1,1
2014-08-17 00:00:00+05:45,4106,438
2014-09-18 00:00:00+05:45,3719,973
2007-08-23 00:00:00+05:45,1,0
2016-01-29 00:00:00+05:45,0,17
2012-02-11 00:00:00+05:45,0,7
2009-02-06 00:00:00+05:45,118,3
2011-08-13 00:00:00+05:45,1101,18
2012-10-30 00:00:00+05:45,4562,328
2010-05-16 00:00:00+05:45,36,4
2012-11-02 00:00:00+05:45,37,9
2010-11-05 00:00:00+05:45,921,1091
2012-07-12 00:00:00+05:45,1088,154
2013-11-27 00:00:00+05:45,2808,199
2008-03-23 00:00:00+05:45,213,215
2013-04-12 00:00:00+05:45,7686,330
2008-09-10 00:00:00+05:45,251,26
2011-12-20 00:00:00+05:45,199,26
2012-11-15 00:00:00+05:45,251,234
2016-05-15 00:00:00+05:45,0,10
2015-08-28 00:00:00+05:45,0,1
2014-08-07 00:00:00+05:45,297,297
2012-11-25 00:00:00+05:45,640,122
2013-04-20 00:00:00+05:45,4031,750
2008-08-19 00:00:00+05:45,312,113
2010-01-31 00:00:00+05:45,0,2
2012-11-22 00:00:00+05:45,2223,47
2012-06-02 00:00:00+05:45,47,10
2010-08-09 00:00:00+05:45,298,571
2011-04-12 00:00:00+05:45,3731,1225
2014-01-29 00:00:00+05:45,8930,338
2011-06-30 00:00:00+05:45,2060,479
2013-07-18 00:00:00+05:45,3384,1605
2014-02-18 00:00:00+05:45,245,18
2011-05-24 00:00:00+05:45,629,250
2008-05-16 00:00:00+05:45,0,4
2012-12-21 00:00:00+05:45,341,70
2014-10-02 00:00:00+05:45,168,49
2014-10-27 00:00:00+05:45,12023,826
2008-06-27 00:00:00+05:45,480,7
2013-09-21 00:00:00+05:45,64,16
2010-06-22 00:00:00+05:45,37,3
2013-10-18 00:00:00+05:45,18,456
2015-11-30 00:00:00+05:45,0,2
2012-12-14 00:00:00+05:45,3005,1329
2012-10-15 00:00:00+05:45,1257,2107
2010-06-21 00:00:00+05:45,0,1
2009-11-22 00:00:00+05:45,395,29
2011-03-06 00:00:00+05:45,36,31
2013-03-30 00:00:00+05:45,2268,160
2013-04-30 00:00:00+05:45,3380,675
2013-06-15 00:00:00+05:45,434,85
2014-06-15 00:00:00+05:45,1277,411
2014-04-03 00:00:00+05:45,234,1604
2014-10-20 00:00:00+05:45,175,147
2008-06-02 00:00:00+05:45,676,37
2012-08-18 00:00:00+05:45,10,282
2012-07-27 00:00:00+05:45,129,92
2013-04-10 00:00:00+05:45,4625,492
2014-01-10 00:00:00+05:45,26,25
2008-11-27 00:00:00+05:45,35,54
2014-05-04 00:00:00+05:45,409,717
2012-12-08 00:00:00+05:45,646,427
2014-09-27 00:00:00+05:45,1858,123
2011-08-07 00:00:00+05:45,2511,51
2011-10-28 00:00:00+05:45,0,1
2014-02-21 00:00:00+05:45,601,53
2013-08-02 00:00:00+05:45,1163,90
2013-09-17 00:00:00+05:45,3778,1099
2014-06-26 00:00:00+05:45,625,129
2013-09-23 00:00:00+05:45,4767,1974
2013-05-05 00:00:00+05:45,591,320
2013-12-06 00:00:00+05:45,5497,59
2014-03-17 00:00:00+05:45,193,219
2012-09-25 00:00:00+05:45,1003,826
2012-03-07 00:00:00+05:45,0,1
2009-03-09 00:00:00+05:45,0,16
2015-09-23 00:00:00+05:45,0,8
2011-03-27 00:00:00+05:45,0,1
2013-06-25 00:00:00+05:45,749,461
2009-11-13 00:00:00+05:45,285,2
2014-12-21 00:00:00+05:45,2888,558
2014-11-05 00:00:00+05:45,2971,175
2010-04-30 00:00:00+05:45,241,19
2012-04-21 00:00:00+05:45,0,1
2010-08-23 00:00:00+05:45,20,5
2013-08-18 00:00:00+05:45,2235,391
2015-04-19 00:00:00+05:45,0,239
2013-11-11 00:00:00+05:45,4005,1560
2014-02-22 00:00:00+05:45,652,499
2011-02-12 00:00:00+05:45,1,1
2012-01-27 00:00:00+05:45,14,0
2014-04-11 00:00:00+05:45,726,15
2008-09-18 00:00:00+05:45,0,106
2013-09-09 00:00:00+05:45,4208,1659
2016-06-09 00:00:00+05:45,0,28
2013-06-18 00:00:00+05:45,670,369
2013-10-17 00:00:00+05:45,2191,185
2013-12-31 00:00:00+05:45,41,13
2009-09-23 00:00:00+05:45,0,1
2016-08-31 00:00:00+05:45,0,1
2015-02-05 00:00:00+05:45,0,3
2016-08-28 00:00:00+05:45,0,1
2013-02-06 00:00:00+05:45,1616,339
2010-12-29 00:00:00+05:45,0,1
2010-08-08 00:00:00+05:45,2,2
2015-11-17 00:00:00+05:45,0,8
2013-11-02 00:00:00+05:45,62591,8531
2016-03-23 00:00:00+05:45,0,4
2013-10-11 00:00:00+05:45,0,1
2015-05-24 00:00:00+05:45,0,113
2016-04-11 00:00:00+05:45,0,6
2009-11-17 00:00:00+05:45,0,1
2013-10-20 00:00:00+05:45,254,240
2015-05-06 00:00:00+05:45,0,201
2014-10-01 00:00:00+05:45,1969,208
2012-07-20 00:00:00+05:45,59,567
2011-07-20 00:00:00+05:45,1,13
2015-02-11 00:00:00+05:45,0,38
2013-06-17 00:00:00+05:45,1466,973
2009-03-02 00:00:00+05:45,108,213
2013-08-16 00:00:00+05:45,2220,254
2013-09-02 00:00:00+05:45,5120,1351
2010-12-20 00:00:00+05:45,53,73
2015-12-13 00:00:00+05:45,0,5
2012-08-26 00:00:00+05:45,219,178
2012-09-07 00:00:00+05:45,990,327
2014-06-24 00:00:00+05:45,1615,399
2014-02-12 00:00:00+05:45,634,34
2014-03-16 00:00:00+05:45,1806,137
2015-03-24 00:00:00+05:45,0,517
2016-06-16 00:00:00+05:45,0,195
2012-10-26 00:00:00+05:45,159,87
2015-02-17 00:00:00+05:45,0,61
2014-02-05 00:00:00+05:45,2634,695
2013-08-30 00:00:00+05:45,7404,437
2011-03-03 00:00:00+05:45,96,66
2010-10-07 00:00:00+05:45,0,1
2013-05-19 00:00:00+05:45,4540,750
2007-10-13 00:00:00+05:45,3,4
2013-01-22 00:00:00+05:45,71,58
2008-01-16 00:00:00+05:45,6,3
2014-12-31 00:00:00+05:45,0,47
2016-05-11 00:00:00+05:45,0,108
2013-05-23 00:00:00+05:45,3435,845
2013-05-24 00:00:00+05:45,3643,994
2011-05-14 00:00:00+05:45,0,575
2012-04-20 00:00:00+05:45,14,12
2013-08-03 00:00:00+05:45,1793,165
2014-01-24 00:00:00+05:45,217,52
2012-12-16 00:00:00+05:45,174,578
2015-12-02 00:00:00+05:45,0,36
2012-06-11 00:00:00+05:45,487,387
2012-09-21 00:00:00+05:45,2098,288
2015-09-08 00:00:00+05:45,0,6
2011-07-06 00:00:00+05:45,3062,383
2011-05-11 00:00:00+05:45,1963,711
2010-12-07 00:00:00+05:45,6202,258
2012-05-17 00:00:00+05:45,0,5
2013-05-29 00:00:00+05:45,5715,830
2011-02-14 00:00:00+05:45,1,7
2014-04-21 00:00:00+05:45,5628,425
2013-01-12 00:00:00+05:45,1512,54
2014-01-09 00:00:00+05:45,7012,1044
2012-02-17 00:00:00+05:45,525,43
2015-07-03 00:00:00+05:45,0,5
2013-11-09 00:00:00+05:45,8660,785
2015-09-01 00:00:00+05:45,0,4
2013-10-06 00:00:00+05:45,539,243
2015-05-19 00:00:00+05:45,0,115
2016-08-05 00:00:00+05:45,0,4
2012-12-15 00:00:00+05:45,414,29
2014-06-14 00:00:00+05:45,46,413
2014-07-30 00:00:00+05:45,1169,166
2012-07-02 00:00:00+05:45,22,52
2010-08-12 00:00:00+05:45,1,3
2012-07-10 00:00:00+05:45,184,94
2012-04-16 00:00:00+05:45,242,200
2012-11-07 00:00:00+05:45,2167,2197
2014-12-17 00:00:00+05:45,2527,130
2008-05-24 00:00:00+05:45,0,1
2012-07-04 00:00:00+05:45,680,53
2012-05-27 00:00:00+05:45,872,329
2015-05-23 00:00:00+05:45,0,25
2012-09-01 00:00:00+05:45,958,276
2016-01-12 00:00:00+05:45,0,3
2014-10-05 00:00:00+05:45,14190,450
2009-12-10 00:00:00+05:45,116,74
2012-01-29 00:00:00+05:45,43,33
2012-02-18 00:00:00+05:45,138,3
2012-04-08 00:00:00+05:45,27,2
2013-06-05 00:00:00+05:45,3510,1167
2011-09-15 00:00:00+05:45,1,1
2013-09-12 00:00:00+05:45,12026,2927
2013-06-28 00:00:00+05:45,2297,334
2009-12-08 00:00:00+05:45,0,8
2013-12-17 00:00:00+05:45,15,14
2012-08-22 00:00:00+05:45,378,67
2016-08-30 00:00:00+05:45,0,6
2011-06-13 00:00:00+05:45,46,22
2011-03-22 00:00:00+05:45,0,3
2011-05-05 00:00:00+05:45,159,198
2010-09-21 00:00:00+05:45,0,1
2016-03-26 00:00:00+05:45,0,3
2012-02-08 00:00:00+05:45,4,2
2013-06-07 00:00:00+05:45,583,180
2009-07-16 00:00:00+05:45,78,24
2011-02-11 00:00:00+05:45,52,42
2011-02-05 00:00:00+05:45,0,1
2015-09-28 00:00:00+05:45,0,3
2015-08-11 00:00:00+05:45,0,2
2014-05-14 00:00:00+05:45,161,433
2013-05-15 00:00:00+05:45,1243,515
2016-03-04 00:00:00+05:45,0,1
2012-01-15 00:00:00+05:45,0,6
2013-08-01 00:00:00+05:45,190,577
2013-12-18 00:00:00+05:45,742,221
2012-06-05 00:00:00+05:45,97,1524
2008-06-13 00:00:00+05:45,0,1
2016-08-13 00:00:00+05:45,0,57
2015-08-12 00:00:00+05:45,0,1
2012-05-19 00:00:00+05:45,1,0
2014-03-02 00:00:00+05:45,165,477
2010-11-29 00:00:00+05:45,11,0
2013-10-07 00:00:00+05:45,212,325
2013-09-06 00:00:00+05:45,6367,329
2011-12-02 00:00:00+05:45,298,36
2011-08-18 00:00:00+05:45,1223,202
2014-07-11 00:00:00+05:45,674,467
2009-07-23 00:00:00+05:45,0,7
2013-08-26 00:00:00+05:45,6881,7462
2014-11-02 00:00:00+05:45,143,132
2013-11-21 00:00:00+05:45,1241,308
2015-07-10 00:00:00+05:45,0,42
2010-08-24 00:00:00+05:45,0,1
2010-12-31 00:00:00+05:45,393,27
2009-08-18 00:00:00+05:45,0,1
2011-08-29 00:00:00+05:45,51,4
2015-02-03 00:00:00+05:45,0,11
2013-07-07 00:00:00+05:45,298,918
2014-02-17 00:00:00+05:45,3,11
2009-10-05 00:00:00+05:45,4,0
2015-06-12 00:00:00+05:45,0,21
2010-05-02 00:00:00+05:45,44,4
2008-08-12 00:00:00+05:45,0,1
2008-09-16 00:00:00+05:45,739,22
2009-11-28 00:00:00+05:45,156,3
2011-05-13 00:00:00+05:45,81,492
2013-05-10 00:00:00+05:45,5907,519
2014-05-18 00:00:00+05:45,1433,635
2014-09-22 00:00:00+05:45,7531,657
2011-05-06 00:00:00+05:45,2215,2110
2009-09-11 00:00:00+05:45,0,1
2013-10-10 00:00:00+05:45,363,880
2014-03-11 00:00:00+05:45,2905,501
2016-02-01 00:00:00+05:45,0,44
2013-07-25 00:00:00+05:45,57,201
2013-09-03 00:00:00+05:45,4780,485
2016-06-14 00:00:00+05:45,0,1
2015-02-09 00:00:00+05:45,0,17
2013-04-15 00:00:00+05:45,3166,455
2015-04-04 00:00:00+05:45,0,2
2013-03-25 00:00:00+05:45,160,1391
2012-09-02 00:00:00+05:45,877,808
2014-03-27 00:00:00+05:45,572,196
2011-06-19 00:00:00+05:45,58,27
2015-08-30 00:00:00+05:45,0,4
2015-06-02 00:00:00+05:45,0,4
2012-03-30 00:00:00+05:45,0,1
2010-12-01 00:00:00+05:45,0,731
2011-11-29 00:00:00+05:45,1339,421
2013-05-28 00:00:00+05:45,6349,712
2009-02-01 00:00:00+05:45,0,39
2012-04-25 00:00:00+05:45,36,15
2013-11-30 00:00:00+05:45,43,20
2013-12-09 00:00:00+05:45,3917,321
2011-11-26 00:00:00+05:45,54,278
2009-03-01 00:00:00+05:45,107,550
2014-06-05 00:00:00+05:45,1935,1224
2009-08-21 00:00:00+05:45,0,2
2010-05-25 00:00:00+05:45,1,1
2016-02-29 00:00:00+05:45,0,1
2012-02-10 00:00:00+05:45,0,8
2008-08-02 00:00:00+05:45,118,40
2014-11-09 00:00:00+05:45,1508,395
2011-01-03 00:00:00+05:45,276,242
2013-09-26 00:00:00+05:45,1037,507
2013-12-22 00:00:00+05:45,542,213
2011-10-14 00:00:00+05:45,1139,1510
2010-06-12 00:00:00+05:45,0,6
2012-02-12 00:00:00+05:45,833,16
2013-02-04 00:00:00+05:45,947,161
2013-09-22 00:00:00+05:45,2291,1557
2013-02-11 00:00:00+05:45,3689,315
2014-06-11 00:00:00+05:45,222,2343
2009-12-01 00:00:00+05:45,0,2
2013-01-18 00:00:00+05:45,196,91
2014-02-20 00:00:00+05:45,327,488
2010-10-21 00:00:00+05:45,1,1
2014-07-05 00:00:00+05:45,0,3
2013-12-25 00:00:00+05:45,216,52
2013-08-14 00:00:00+05:45,8911,859
2015-03-31 00:00:00+05:45,0,6
2012-10-14 00:00:00+05:45,1036,1309
2013-06-13 00:00:00+05:45,1428,672
2013-03-11 00:00:00+05:45,7326,1649
2011-05-22 00:00:00+05:45,0,1
2012-04-14 00:00:00+05:45,0,1
2015-06-27 00:00:00+05:45,0,68
2013-01-14 00:00:00+05:45,376,77
2012-12-12 00:00:00+05:45,3338,508
2008-07-19 00:00:00+05:45,203,102
2016-06-20 00:00:00+05:45,0,5
2014-02-19 00:00:00+05:45,1075,771
2013-12-04 00:00:00+05:45,2084,271
2013-08-29 00:00:00+05:45,10049,719
2012-09-09 00:00:00+05:45,1657,1095
2015-06-01 00:00:00+05:45,0,8
2011-09-13 00:00:00+05:45,2,3
2012-01-19 00:00:00+05:45,287,240
2012-01-12 00:00:00+05:45,0,6
2012-08-08 00:00:00+05:45,42,112
